,id,case_number,date,block,iucr,primary_type,description,location_description,arrest,domestic,beat,district,ward,community_area,fbi_code,x_coordinate,y_coordinate,year,updated_on,latitude,longitude,location
0,14003592,JJ458544,2025-10-18T00:00:00.000,103XX S TALMAN AVE,0620,BURGLARY,UNLAWFUL ENTRY,RESIDENCE,False,False,2211,22,19,72,05,1160392.0,1835772.0,2025,2025-10-25T15:43:27.000,41.705051323,-87.688278142,"
,  
(41.705051323, -87.688278142)"
1,14001945,JJ456710,2025-10-18T00:00:00.000,050XX S DREXEL BLVD,0820,THEFT,$500 AND UNDER,APARTMENT,False,False,222,2,4,39,06,1183166.0,1871798.0,2025,2025-10-25T15:43:27.000,41.803412024,-87.603764184,"
,  
(41.803412024, -87.603764184)"
2,14001271,JJ455901,2025-10-18T00:00:00.000,091XX S ASHLAND AVE,0460,BATTERY,SIMPLE,SIDEWALK,False,False,2221,22,21,73,08B,1167278.0,1844029.0,2025,2025-10-25T15:43:27.000,41.727565512,-87.662826863,"
,  
(41.727565512, -87.662826863)"
3,14003257,JJ458326,2025-10-18T00:00:00.000,075XX N BELL AVE,0820,THEFT,$500 AND UNDER,STREET,False,False,2411,24,49,2,06,1160011.0,1950101.0,2025,2025-10-25T15:43:27.000,42.018789374,-87.686519164,"
,  
(42.018789374, -87.686519164)"
4,14003609,JJ458762,2025-10-18T00:00:00.000,081XX S MARYLAND AVE,0810,THEFT,OVER $500,RESIDENCE,False,False,631,6,8,44,06,1183320.0,1851173.0,2025,2025-10-25T15:43:27.000,41.746811516,-87.603841034,"
,  
(41.746811516, -87.603841034)"
5,14001262,JJ455803,2025-10-18T00:00:00.000,008XX S WABASH AVE,1320,CRIMINAL DAMAGE,TO VEHICLE,PARKING LOT / GARAGE (NON RESIDENTIAL),False,False,123,1,4,32,14,1176920.0,1896484.0,2025,2025-10-25T15:43:27.000,41.871295508,-87.625925454,"
,  
(41.871295508, -87.625925454)"
6,14001257,JJ455830,2025-10-18T00:00:00.000,062XX S BISHOP ST,0497,BATTERY,AGGRAVATED DOMESTIC BATTERY - OTHER DANGEROUS WEAPON,STREET,False,True,713,7,16,67,04B,1167731.0,1863465.0,2025,2025-10-25T15:43:27.000,41.780890859,-87.660610738,"
,  
(41.780890859, -87.660610738)"
7,14001187,JJ455842,2025-10-18T00:00:00.000,028XX S TRUMBULL AVE,0470,PUBLIC PEACE VIOLATION,RECKLESS CONDUCT,STREET,True,False,1032,10,22,30,24,1153826.0,1885018.0,2025,2025-10-25T15:43:27.000,41.840322451,-87.711017413,"
,  
(41.840322451, -87.711017413)"
8,14001822,JJ456573,2025-10-18T00:00:00.000,001XX N STATE ST,0470,PUBLIC PEACE VIOLATION,RECKLESS CONDUCT,SIDEWALK,True,False,111,1,42,32,24,1176338.0,1901346.0,2025,2025-10-25T15:43:27.000,41.884650262,-87.627915459,"
,  
(41.884650262, -87.627915459)"
9,14004861,JJ460250,2025-10-18T00:00:00.000,007XX W BELMONT AVE,0820,THEFT,$500 AND UNDER,APARTMENT,False,False,1934,19,44,6,06,1170792.0,1921474.0,2025,2025-10-25T15:43:27.000,41.940005868,-87.647690125,"
,  
(41.940005868, -87.647690125)"
10,14005690,JJ461381,2025-10-18T00:00:00.000,006XX N DEARBORN ST,0320,ROBBERY,STRONG ARM - NO WEAPON,BAR OR TAVERN,False,False,1832,18,42,8,03,1175825.0,1904582.0,2025,2025-10-25T15:43:27.000,41.893541578,-87.629701805,"
,  
(41.893541578, -87.629701805)"
11,14002029,JJ456754,2025-10-18T00:00:00.000,022XX S KOSTNER AVE,0460,BATTERY,SIMPLE,RESIDENCE,False,False,1013,10,22,29,08B,1147410.0,1888650.0,2025,2025-10-25T15:43:27.000,41.850414293,-87.73446887,"
,  
(41.850414293, -87.73446887)"
12,14002797,JJ457061,2025-10-18T00:00:00.000,045XX N WHIPPLE ST,1320,CRIMINAL DAMAGE,TO VEHICLE,PARKING LOT / GARAGE (NON RESIDENTIAL),False,False,1724,17,33,14,14,1155232.0,1929915.0,2025,2025-10-25T15:43:27.000,41.963495796,-87.70465053,"
,  
(41.963495796, -87.70465053)"
13,14003180,JJ458201,2025-10-18T00:00:00.000,063XX S RACINE AVE,1340,CRIMINAL DAMAGE,TO STATE SUPPORTED PROPERTY,CTA TRAIN,False,False,724,7,16,67,14,1169407.0,1862778.0,2025,2025-10-25T15:43:27.000,41.778969503,-87.654486077,"
,  
(41.778969503, -87.654486077)"
14,14003192,JJ458202,2025-10-18T00:00:00.000,063XX S RACINE AVE,1340,CRIMINAL DAMAGE,TO STATE SUPPORTED PROPERTY,CTA TRAIN,False,False,724,7,16,67,14,1169407.0,1862778.0,2025,2025-10-25T15:43:27.000,41.778969503,-87.654486077,"
,  
(41.778969503, -87.654486077)"
15,14001409,JJ456136,2025-10-18T00:00:00.000,035XX N CLARK ST,0820,THEFT,$500 AND UNDER,SIDEWALK,False,False,1924,19,44,6,06,1168480.0,1923896.0,2025,2025-10-25T15:43:27.000,41.94670237,-87.656117076,"
,  
(41.94670237, -87.656117076)"
16,14001555,JJ456141,2025-10-18T00:00:00.000,029XX E 81ST PL,4387,OTHER OFFENSE,VIOLATE ORDER OF PROTECTION,RESIDENCE,False,True,422,4,7,46,26,1197412.0,1851494.0,2025,2025-10-25T15:43:27.000,41.74735292,-87.552194674,"
,  
(41.74735292, -87.552194674)"
17,14001782,JJ456243,2025-10-18T00:00:00.000,081XX S PULASKI RD,0610,BURGLARY,FORCIBLE ENTRY,RESTAURANT,False,False,834,8,18,70,05,1151141.0,1850369.0,2025,2025-10-25T15:43:27.000,41.745293332,-87.721774867,"
,  
(41.745293332, -87.721774867)"
18,14001368,JJ455994,2025-10-18T00:00:00.000,083XX S BUFFALO AVE,0910,MOTOR VEHICLE THEFT,AUTOMOBILE,STREET,False,True,424,4,10,46,07,1199590.0,1850305.0,2025,2025-10-25T15:43:27.000,41.744035687,-87.544254005,"
,  
(41.744035687, -87.544254005)"
19,14001295,JJ455774,2025-10-17T23:56:00.000,079XX S COLFAX AVE,0486,BATTERY,DOMESTIC BATTERY SIMPLE,RESIDENCE,False,True,422,4,7,46,08B,1194897.0,1852765.0,2025,2025-10-25T15:43:27.000,41.750902928,-87.561368373,"
,  
(41.750902928, -87.561368373)"
20,14002735,JJ457794,2025-10-17T23:56:00.000,064XX N HOYNE AVE,0560,ASSAULT,SIMPLE,APARTMENT,False,True,2412,24,50,2,08A,1161133.0,1942726.0,2025,2025-10-25T15:43:27.000,41.998528837,-87.682596663,"
,  
(41.998528837, -87.682596663)"
21,14001320,JJ455790,2025-10-17T23:55:00.000,085XX W ARGYLE ST,0460,BATTERY,SIMPLE,APARTMENT,False,False,1614,16,41,76,08B,1118425.0,1932108.0,2025,2025-10-25T15:43:27.000,41.970174964,-87.839934047,"
,  
(41.970174964, -87.839934047)"
22,14001183,JJ455788,2025-10-17T23:52:00.000,001XX W 112TH ST,1310,CRIMINAL DAMAGE,TO PROPERTY,RESIDENCE - PORCH / HALLWAY,False,False,522,5,9,49,14,1177251.0,1830685.0,2025,2025-10-25T15:43:27.000,41.690728743,-87.626695422,"
,  
(41.690728743, -87.626695422)"
23,14001250,JJ455786,2025-10-17T23:52:00.000,001XX W 112TH ST,0486,BATTERY,DOMESTIC BATTERY SIMPLE,RESIDENCE - PORCH / HALLWAY,False,True,522,5,9,49,08B,1177251.0,1830685.0,2025,2025-10-25T15:43:27.000,41.690728743,-87.626695422,"
,  
(41.690728743, -87.626695422)"
24,14001290,JJ455789,2025-10-17T23:51:00.000,088XX S MARQUETTE AVE,0486,BATTERY,DOMESTIC BATTERY SIMPLE,RESIDENCE,False,True,423,4,7,46,08B,1195791.0,1846874.0,2025,2025-10-25T15:43:27.000,41.734715495,-87.558286819,"
,  
(41.734715495, -87.558286819)"
25,14003938,JJ458126,2025-10-17T23:45:00.000,006XX N DEARBORN ST,0890,THEFT,FROM BUILDING,RESTAURANT,False,False,1832,18,42,8,06,1175825.0,1904582.0,2025,2025-10-25T15:43:27.000,41.893541578,-87.629701805,"
,  
(41.893541578, -87.629701805)"
26,14001158,JJ455773,2025-10-17T23:45:00.000,026XX S PRAIRIE AVE,1320,CRIMINAL DAMAGE,TO VEHICLE,PARKING LOT / GARAGE (NON RESIDENTIAL),False,False,133,1,4,35,14,1178484.0,1887040.0,2025,2025-10-25T15:43:27.000,41.845345061,-87.620471366,"
,  
(41.845345061, -87.620471366)"
27,14003727,JJ459006,2025-10-17T23:45:00.000,033XX W 31ST ST,0460,BATTERY,SIMPLE,FACTORY / MANUFACTURING BUILDING,False,False,1032,10,22,30,08B,1154299.0,1883866.0,2025,2025-10-25T15:43:27.000,41.837151804,-87.709312393,"
,  
(41.837151804, -87.709312393)"
28,14001153,JJ455770,2025-10-17T23:45:00.000,020XX S FAIRFIELD AVE,1477,WEAPONS VIOLATION,RECKLESS FIREARM DISCHARGE,STREET,False,False,1023,10,25,30,15,1158352.0,1889996.0,2025,2025-10-25T15:43:27.000,41.853891445,-87.694272788,"
,  
(41.853891445, -87.694272788)"
29,14001232,JJ455769,2025-10-17T23:45:00.000,011XX N MONITOR AVE,1310,CRIMINAL DAMAGE,TO PROPERTY,APARTMENT,False,False,1511,15,29,25,14,1137147.0,1907077.0,2025,2025-10-25T15:43:27.000,41.901170711,-87.771693958,"
,  
(41.901170711, -87.771693958)"
30,14001823,JJ456592,2025-10-17T23:41:00.000,071XX S CORNELL AVE,1365,CRIMINAL TRESPASS,TO RESIDENCE,APARTMENT,False,False,324,3,7,43,26,1188469.0,1858002.0,2025,2025-10-25T15:43:27.000,41.765429574,-87.584756316,"
,  
(41.765429574, -87.584756316)"
31,14001190,JJ455752,2025-10-17T23:40:00.000,0000X N AUSTIN BLVD,1360,CRIMINAL TRESPASS,TO VEHICLE,STREET,False,False,1513,15,29,25,26,1136380.0,1899715.0,2025,2025-10-25T15:43:27.000,41.880982172,-87.774687321,"
,  
(41.880982172, -87.774687321)"
32,14001293,JJ455761,2025-10-17T23:38:00.000,002XX W CERMAK RD,0810,THEFT,OVER $500,SIDEWALK,False,False,914,9,11,34,06,1175064.0,1889743.0,2025,2025-10-25T15:43:27.000,41.85283951,-87.632941357,"
,  
(41.85283951, -87.632941357)"
33,14001202,JJ455758,2025-10-17T23:35:00.000,028XX W DIVISION ST,0560,ASSAULT,SIMPLE,GAS STATION,False,False,1211,12,26,24,08A,1157398.0,1907857.0,2025,2025-10-25T15:43:27.000,41.902923197,-87.697288509,"
,  
(41.902923197, -87.697288509)"
34,14004209,JJ459457,2025-10-17T23:35:00.000,047XX W 47TH ST,0820,THEFT,$500 AND UNDER,PARKING LOT / GARAGE (NON RESIDENTIAL),False,False,815,8,22,56,06,1145343.0,1873052.0,2025,2025-10-25T15:43:27.000,41.807650441,-87.742448973,"
,  
(41.807650441, -87.742448973)"
35,14001157,JJ455750,2025-10-17T23:34:00.000,048XX W MADISON ST,0560,ASSAULT,SIMPLE,GAS STATION,False,False,1533,15,28,25,08A,1144203.0,1899587.0,2025,2025-10-25T15:43:27.000,41.880487595,-87.745964635,"
,  
(41.880487595, -87.745964635)"
36,14003378,JJ456388,2025-10-17T23:30:00.000,008XX W VILLAGE CT,0650,BURGLARY,HOME INVASION,APARTMENT,False,True,1232,12,25,28,05,1170939.0,1893002.0,2025,2025-10-25T15:43:27.000,41.861873796,-87.647985834,"
,  
(41.861873796, -87.647985834)"
37,14003412,JJ458511,2025-10-17T23:30:00.000,082XX S ELLIS AVE,0710,THEFT,THEFT FROM MOTOR VEHICLE,STREET,False,False,631,6,8,44,06,1184328.0,1850665.0,2025,2025-10-25T15:43:27.000,41.745394001,-87.600163368,"
,  
(41.745394001, -87.600163368)"
38,14001335,JJ455985,2025-10-17T23:30:00.000,030XX N CLYBOURN AVE,1320,CRIMINAL DAMAGE,TO VEHICLE,STREET,False,False,1931,19,32,5,14,1160779.0,1920269.0,2025,2025-10-25T15:43:27.000,41.936913141,-87.684524515,"
,  
(41.936913141, -87.684524515)"
39,14001343,JJ455963,2025-10-17T23:30:00.000,066XX S KILPATRICK AVE,1345,CRIMINAL DAMAGE,TO CITY OF CHICAGO PROPERTY,CTA PARKING LOT / GARAGE / OTHER PROPERTY,False,False,833,8,13,64,14,1146188.0,1860263.0,2025,2025-10-25T15:43:27.000,41.772539378,-87.739673596,"
,  
(41.772539378, -87.739673596)"
40,14001537,JJ456158,2025-10-17T23:30:00.000,043XX S ELLIS AVE,0610,BURGLARY,FORCIBLE ENTRY,APARTMENT,False,True,222,2,4,39,05,1183651.0,1876473.0,2025,2025-10-25T15:43:27.000,41.816229267,-87.601839542,"
,  
(41.816229267, -87.601839542)"
41,14001172,JJ455759,2025-10-17T23:30:00.000,080XX S MERRILL AVE,0560,ASSAULT,SIMPLE,APARTMENT,False,False,414,4,8,46,08A,1191924.0,1852150.0,2025,2025-10-25T15:43:27.000,41.749287997,-87.572282625,"
,  
(41.749287997, -87.572282625)"
42,14001205,JJ455775,2025-10-17T23:29:00.000,046XX W BELMONT AVE,1345,CRIMINAL DAMAGE,TO CITY OF CHICAGO PROPERTY,STREET,False,False,2521,25,31,19,14,1144859.0,1920871.0,2025,2025-10-25T15:43:27.000,41.938880798,-87.743017971,"
,  
(41.938880798, -87.743017971)"
43,14003998,JJ458792,2025-10-17T23:27:00.000,035XX N ELSTON AVE,0860,THEFT,RETAIL THEFT,GROCERY FOOD STORE,False,False,1733,17,35,21,06,1154298.0,1923613.0,2025,2025-10-25T15:43:27.000,41.946221444,-87.708253555,"
,  
(41.946221444, -87.708253555)"
44,14001180,JJ455749,2025-10-17T23:25:00.000,007XX W OHIO ST,0326,ROBBERY,AGGRAVATED VEHICULAR HIJACKING,STREET,False,False,1214,12,27,24,03,1171143.0,1904076.0,2025,2025-10-25T15:43:27.000,41.892257156,-87.646911879,"
,  
(41.892257156, -87.646911879)"
45,14001189,JJ455764,2025-10-17T23:24:00.000,040XX W BELLE PLAINE AVE,0486,BATTERY,DOMESTIC BATTERY SIMPLE,STREET,True,True,1722,17,39,16,08B,1148666.0,1926940.0,2025,2025-10-25T15:43:27.000,41.955461834,-87.728868854,"
,  
(41.955461834, -87.728868854)"
46,14002468,JJ457336,2025-10-17T23:20:00.000,087XX S HOUSTON AVE,0910,MOTOR VEHICLE THEFT,AUTOMOBILE,GAS STATION,False,False,424,4,10,46,07,1198036.0,1847705.0,2025,2025-10-25T15:43:27.000,41.736940053,-87.550034589,"
,  
(41.736940053, -87.550034589)"
47,14001142,JJ455747,2025-10-17T23:15:00.000,017XX W 119TH ST,0560,ASSAULT,SIMPLE,RESTAURANT,False,False,2234,22,21,75,08A,1166691.0,1825767.0,2025,2025-10-25T15:43:27.000,41.677464116,-87.665495904,"
,  
(41.677464116, -87.665495904)"
48,14001228,JJ455828,2025-10-17T23:15:00.000,023XX S WESTERN AVE,1310,CRIMINAL DAMAGE,TO PROPERTY,GAS STATION,False,False,1034,10,25,31,14,1160731.0,1888579.0,2025,2025-10-25T15:43:27.000,41.849954132,-87.685580175,"
,  
(41.849954132, -87.685580175)"
49,14001302,JJ455942,2025-10-17T23:01:00.000,075XX S WESTERN AVE,0910,MOTOR VEHICLE THEFT,AUTOMOBILE,PARKING LOT / GARAGE (NON RESIDENTIAL),False,False,835,8,18,66,07,1161683.0,1854656.0,2025,2025-10-25T15:43:27.000,41.756845413,-87.683028166,"
,  
(41.756845413, -87.683028166)"
50,14001486,JJ456187,2025-10-17T23:00:00.000,063XX S BISHOP ST,0710,THEFT,THEFT FROM MOTOR VEHICLE,STREET,False,False,725,7,16,67,06,1167754.0,1862674.0,2025,2025-10-25T15:43:27.000,41.778719763,-87.660549104,"
,  
(41.778719763, -87.660549104)"
51,14001367,JJ456012,2025-10-17T23:00:00.000,055XX W NORTH AVE,1154,DECEPTIVE PRACTICE,FINANCIAL IDENTITY THEFT $300 AND UNDER,STREET,False,False,2532,25,37,25,11,1139266.0,1910089.0,2025,2025-10-25T15:43:27.000,41.909397663,-87.763837115,"
,  
(41.909397663, -87.763837115)"
52,14001439,JJ456165,2025-10-17T23:00:00.000,043XX W THOMAS ST,2870,PUBLIC PEACE VIOLATION,PEEPING TOM,RESIDENCE,False,False,1111,11,37,23,24,1147192.0,1906976.0,2025,2025-10-25T15:43:27.000,41.90070717,-87.734799946,"
,  
(41.90070717, -87.734799946)"
53,14006409,JJ462144,2025-10-17T23:00:00.000,087XX S BURLEY AVE,0820,THEFT,$500 AND UNDER,APARTMENT,False,False,424,4,10,46,06,1199189.0,1847537.0,2025,2025-10-25T15:43:27.000,41.736450174,-87.545816084,"
,  
(41.736450174, -87.545816084)"
54,14001167,JJ455744,2025-10-17T22:58:00.000,021XX S FAIRFIELD AVE,143A,WEAPONS VIOLATION,UNLAWFUL POSSESSION - HANDGUN,STREET,True,False,1023,10,25,30,15,1158363.0,1889582.0,2025,2025-10-25T15:43:27.000,41.85275516,-87.694243724,"
,  
(41.85275516, -87.694243724)"
55,14001146,JJ455757,2025-10-17T22:57:00.000,103XX S WENTWORTH AVE,143A,WEAPONS VIOLATION,UNLAWFUL POSSESSION - HANDGUN,STREET,True,True,512,5,9,49,15,1176774.0,1836565.0,2025,2025-10-25T15:43:27.000,41.706875037,-87.628265515,"
,  
(41.706875037, -87.628265515)"
56,28921,JJ455712,2025-10-17T22:56:00.000,028XX N LEAVITT ST,0110,HOMICIDE,FIRST DEGREE MURDER,APARTMENT,True,False,1931,19,32,5,01A,1161638.0,1918807.0,2025,2025-10-25T15:43:27.000,41.93288344,-87.68140843,"
,  
(41.93288344, -87.68140843)"
57,14001178,JJ455729,2025-10-17T22:50:00.000,038XX S COTTAGE GROVE AVE,0320,ROBBERY,STRONG ARM - NO WEAPON,STREET,False,False,212,2,4,36,03,1182130.0,1879574.0,2025,2025-10-25T15:43:27.000,41.824774034,-87.607322715,"
,  
(41.824774034, -87.607322715)"
58,14001258,JJ455731,2025-10-17T22:50:00.000,079XX S ELLIS AVE,051A,ASSAULT,AGGRAVATED - HANDGUN,STREET,False,False,624,6,8,44,04A,1184267.0,1852664.0,2025,2025-10-25T15:43:27.000,41.750880891,-87.600324481,"
,  
(41.750880891, -87.600324481)"
59,14002695,JJ457568,2025-10-17T22:45:00.000,088XX S DAUPHIN AVE,0930,MOTOR VEHICLE THEFT,THEFT / RECOVERY - AUTOMOBILE,STREET,False,False,632,6,8,44,07,1183893.0,1846364.0,2025,2025-10-25T15:43:27.000,41.733601747,-87.601891212,"
,  
(41.733601747, -87.601891212)"
60,14001121,JJ455717,2025-10-17T22:43:00.000,012XX S AVERS AVE,3731,INTERFERENCE WITH PUBLIC OFFICER,OBSTRUCTING IDENTIFICATION,SIDEWALK,True,False,1011,10,24,29,24,1150905.0,1894207.0,2025,2025-10-25T15:43:27.000,41.865595766,-87.721496141,"
,  
(41.865595766, -87.721496141)"
61,14001208,JJ455726,2025-10-17T22:40:00.000,026XX N LECLAIRE AVE,0460,BATTERY,SIMPLE,STREET,False,False,2521,25,31,19,08B,1141932.0,1917239.0,2025,2025-10-25T15:43:27.000,41.928969034,-87.753865791,"
,  
(41.928969034, -87.753865791)"
62,14001147,JJ455765,2025-10-17T22:37:00.000,029XX E 81ST ST,0460,BATTERY,SIMPLE,RESIDENCE,True,False,422,4,7,46,08B,1197435.0,1851834.0,2025,2025-10-25T15:43:27.000,41.748285332,-87.552099086,"
,  
(41.748285332, -87.552099086)"
63,14001154,JJ455736,2025-10-17T22:36:00.000,015XX W MARQUETTE RD,0440,BATTERY,"AGGRAVATED - HANDS, FISTS, FEET, NO / MINOR INJURY",GROCERY FOOD STORE,False,False,725,7,16,67,08B,1167031.0,1860294.0,2025,2025-10-25T15:43:27.000,41.77220423,-87.663267662,"
,  
(41.77220423, -87.663267662)"
64,14001213,JJ455735,2025-10-17T22:30:00.000,048XX S LOOMIS BLVD,0486,BATTERY,DOMESTIC BATTERY SIMPLE,APARTMENT,False,True,933,9,20,61,08B,1167816.0,1872624.0,2025,2025-10-25T15:43:27.000,41.806022407,-87.660036124,"
,  
(41.806022407, -87.660036124)"
65,14002322,JJ457150,2025-10-17T22:25:00.000,048XX W STRONG ST,0486,BATTERY,DOMESTIC BATTERY SIMPLE,APARTMENT,False,True,1623,16,45,12,08B,1143256.0,1932476.0,2025,2025-10-25T15:43:27.000,41.970756065,-87.748618462,"
,  
(41.970756065, -87.748618462)"
66,14001245,JJ455738,2025-10-17T22:20:00.000,001XX N ABERDEEN ST,0320,ROBBERY,STRONG ARM - NO WEAPON,ALLEY,False,False,1224,12,27,28,03,1169123.0,1900967.0,2025,2025-10-25T15:43:27.000,41.88376995,-87.654420776,"
,  
(41.88376995, -87.654420776)"
67,14001155,JJ455718,2025-10-17T22:17:00.000,012XX N AUSTIN BLVD,0496,BATTERY,AGGRAVATED DOMESTIC BATTERY - KNIFE / CUTTING INSTRUMENT,APARTMENT,True,True,2531,25,29,25,04B,1136138.0,1907631.0,2025,2025-10-25T15:43:27.000,41.902709024,-87.775386931,"
,  
(41.902709024, -87.775386931)"
68,14002842,JJ457064,2025-10-17T22:15:00.000,043XX N RICHMOND ST,1320,CRIMINAL DAMAGE,TO VEHICLE,ALLEY,False,False,1724,17,33,16,14,1155937.0,1928619.0,2025,2025-10-25T15:43:27.000,41.959925271,-87.702093574,"
,  
(41.959925271, -87.702093574)"
69,14001790,JJ456526,2025-10-17T22:13:00.000,036XX W LEXINGTON ST,0580,STALKING,SIMPLE,APARTMENT,False,True,1133,11,24,27,08A,1152250.0,1896453.0,2025,2025-10-25T15:43:27.000,41.871732631,-87.716499297,"
,  
(41.871732631, -87.716499297)"
70,14001899,JJ456231,2025-10-17T22:00:00.000,053XX N WESTERN AVE,1563,SEX OFFENSE,CRIMINAL SEXUAL ABUSE,NURSING / RETIREMENT HOME,False,False,2011,20,40,4,17,1159379.0,1935412.0,2025,2025-10-25T15:43:27.000,41.978495324,-87.689251423,"
,  
(41.978495324, -87.689251423)"
71,14001437,JJ456042,2025-10-17T22:00:00.000,047XX S KEATING AVE,1120,DECEPTIVE PRACTICE,FORGERY,RESIDENCE,False,False,815,8,22,56,10,1145493.0,1872699.0,2025,2025-10-25T15:43:27.000,41.806678923,-87.741907715,"
,  
(41.806678923, -87.741907715)"
72,14001371,JJ456059,2025-10-17T22:00:00.000,029XX W GRACE ST,1320,CRIMINAL DAMAGE,TO VEHICLE,STREET,False,False,1733,17,35,16,14,1155949.0,1925114.0,2025,2025-10-25T15:43:27.000,41.950307088,-87.702144365,"
,  
(41.950307088, -87.702144365)"
73,14001455,JJ456180,2025-10-17T22:00:00.000,045XX N TROY ST,1320,CRIMINAL DAMAGE,TO VEHICLE,RESIDENCE - GARAGE,False,False,1724,17,33,14,14,1154567.0,1929904.0,2025,2025-10-25T15:43:27.000,41.963478974,-87.707095819,"
,  
(41.963478974, -87.707095819)"
74,14001444,JJ456154,2025-10-17T22:00:00.000,069XX S CLYDE AVE,0820,THEFT,$500 AND UNDER,APARTMENT,False,False,331,3,5,43,06,1191408.0,1859410.0,2025,2025-10-25T15:43:27.000,41.769222543,-87.573938576,"
,  
(41.769222543, -87.573938576)"
75,14001395,JJ456092,2025-10-17T22:00:00.000,041XX W LELAND AVE,0910,MOTOR VEHICLE THEFT,AUTOMOBILE,STREET,False,False,1722,17,39,14,07,1147756.0,1931172.0,2025,2025-10-25T15:43:27.000,41.967092326,-87.732105069,"
,  
(41.967092326, -87.732105069)"
76,14001165,JJ455766,2025-10-17T22:00:00.000,003XX N LOOMIS ST,0760,BURGLARY,BURGLARY FROM MOTOR VEHICLE,STREET,False,False,1215,12,27,28,06,1166917.0,1902067.0,2025,2025-10-25T15:43:27.000,41.886836037,-87.662489795,"
,  
(41.886836037, -87.662489795)"
77,14001669,JJ456474,2025-10-17T22:00:00.000,0000X W ELM ST,1320,CRIMINAL DAMAGE,TO VEHICLE,PARKING LOT / GARAGE (NON RESIDENTIAL),False,False,1824,18,2,8,14,1175523.0,1908079.0,2025,2025-10-25T15:43:27.000,41.903144312,-87.63070575,"
,  
(41.903144312, -87.63070575)"
78,14001786,JJ456560,2025-10-17T22:00:00.000,040XX W WILCOX ST,0910,MOTOR VEHICLE THEFT,AUTOMOBILE,STREET,False,False,1115,11,28,26,07,1149448.0,1899029.0,2025,2025-10-25T15:43:27.000,41.878856261,-87.726719805,"
,  
(41.878856261, -87.726719805)"
79,14001313,JJ455961,2025-10-17T22:00:00.000,007XX N WILLARD CT,0760,BURGLARY,BURGLARY FROM MOTOR VEHICLE,STREET,False,False,1215,12,27,24,06,1167987.0,1905047.0,2025,2025-10-25T15:43:27.000,41.894990344,-87.658474418,"
,  
(41.894990344, -87.658474418)"
80,14001188,JJ455810,2025-10-17T22:00:00.000,012XX W GRENSHAW ST,0486,BATTERY,DOMESTIC BATTERY SIMPLE,STREET,False,True,1231,12,28,28,08B,1168452.0,1895145.0,2025,2025-10-25T15:43:27.000,41.867808479,-87.657053185,"
,  
(41.867808479, -87.657053185)"
81,14001252,JJ455873,2025-10-17T22:00:00.000,075XX S EVANS AVE,0910,MOTOR VEHICLE THEFT,AUTOMOBILE,STREET,False,False,624,6,6,69,07,1182533.0,1855092.0,2025,2025-10-25T15:43:27.000,41.75758394,-87.606603477,"
,  
(41.75758394, -87.606603477)"
82,14001755,JJ456574,2025-10-17T22:00:00.000,026XX W 71ST ST,0810,THEFT,OVER $500,STREET,False,False,831,8,17,66,06,1160069.0,1857472.0,2025,2025-10-25T15:43:27.000,41.764606265,-87.688865918,"
,  
(41.764606265, -87.688865918)"
83,14006992,JJ462136,2025-10-17T22:00:00.000,086XX S KNOX AVE,0810,THEFT,OVER $500,RESIDENCE,False,False,834,8,18,70,06,1146945.0,1846792.0,2025,2025-10-25T15:43:27.000,41.735558192,-87.737240742,"
,  
(41.735558192, -87.737240742)"
84,14001657,JJ456285,2025-10-17T21:57:00.000,020XX S HALSTED ST,0430,BATTERY,AGGRAVATED - OTHER DANGEROUS WEAPON,SIDEWALK,False,False,1235,12,25,31,04B,1171348.0,1890458.0,2025,2025-10-25T15:43:27.000,41.85488389,-87.64655917,"
,  
(41.85488389, -87.64655917)"
85,14001363,JJ455711,2025-10-17T21:55:00.000,015XX S KENNETH AVE,0560,ASSAULT,SIMPLE,APARTMENT,False,True,1012,10,24,29,08A,1146970.0,1892143.0,2025,2025-10-25T15:43:27.000,41.860007942,-87.735994581,"
,  
(41.860007942, -87.735994581)"
86,14001171,JJ455713,2025-10-17T21:50:00.000,005XX E 67TH ST,0710,THEFT,THEFT FROM MOTOR VEHICLE,STREET,False,False,321,3,20,42,06,1180964.0,1860707.0,2025,2025-10-25T15:43:27.000,41.773028307,-87.612181073,"
,  
(41.773028307, -87.612181073)"
87,14001161,JJ455743,2025-10-17T21:45:00.000,046XX S INDIANA AVE,0560,ASSAULT,SIMPLE,RESIDENCE - PORCH / HALLWAY,True,False,215,2,3,38,08A,1178379.0,1874329.0,2025,2025-10-25T15:43:27.000,41.810467472,-87.621243351,"
,  
(41.810467472, -87.621243351)"
88,14001218,JJ455767,2025-10-17T21:45:00.000,094XX S ASHLAND AVE,1310,CRIMINAL DAMAGE,TO PROPERTY,BANK,False,False,2221,22,21,73,14,1167328.0,1842070.0,2025,2025-10-25T15:43:27.000,41.722188649,-87.662699611,"
,  
(41.722188649, -87.662699611)"
89,14003372,JJ458512,2025-10-17T21:30:00.000,076XX S VINCENNES AVE,1220,DECEPTIVE PRACTICE,THEFT OF LOST / MISLAID PROPERTY,STREET,False,False,623,6,17,69,11,1175515.0,1854490.0,2025,2025-10-25T15:43:27.000,41.756091788,-87.632341337,"
,  
(41.756091788, -87.632341337)"
90,14001117,JJ455703,2025-10-17T21:30:00.000,002XX E GRAND AVE,0430,BATTERY,AGGRAVATED - OTHER DANGEROUS WEAPON,SIDEWALK,False,False,1834,18,2,8,04B,1178222.0,1903964.0,2025,2025-10-25T15:43:27.000,41.891791478,-87.620917415,"
,  
(41.891791478, -87.620917415)"
91,14001599,JJ456337,2025-10-17T21:30:00.000,026XX W ADDISON ST,0460,BATTERY,SIMPLE,PARKING LOT / GARAGE (NON RESIDENTIAL),False,False,1921,19,47,5,08B,1158335.0,1923822.0,2025,2025-10-25T15:43:27.000,41.946713207,-87.693409087,"
,  
(41.946713207, -87.693409087)"
92,14001259,JJ455733,2025-10-17T21:30:00.000,014XX W 80TH ST,031B,ROBBERY,ARMED - OTHER FIREARM,SIDEWALK,False,False,612,6,17,71,03,1167921.0,1851692.0,2025,2025-10-25T15:43:27.000,41.74858012,-87.660251906,"
,  
(41.74858012, -87.660251906)"
93,14003198,JJ457326,2025-10-17T21:30:00.000,046XX N CLARENDON AVE,0810,THEFT,OVER $500,PARKING LOT / GARAGE (NON RESIDENTIAL),False,False,1914,19,46,3,06,1170072.0,1931210.0,2025,2025-10-25T15:43:27.000,41.966737567,-87.650051042,"
,  
(41.966737567, -87.650051042)"
94,14001156,JJ455728,2025-10-17T21:28:00.000,098XX S HALSTED ST,1360,CRIMINAL TRESPASS,TO VEHICLE,GAS STATION,True,False,2223,22,21,73,26,1172709.0,1839741.0,2025,2025-10-25T15:43:27.000,41.715680818,-87.643058205,"
,  
(41.715680818, -87.643058205)"
95,14001086,JJ455687,2025-10-17T21:25:00.000,018XX W LAWRENCE AVE,0560,ASSAULT,SIMPLE,PARKING LOT / GARAGE (NON RESIDENTIAL),False,False,2032,20,47,4,08A,1163251.0,1931912.0,2025,2025-10-25T15:43:27.000,41.968810413,-87.675110943,"
,  
(41.968810413, -87.675110943)"
96,14001134,JJ455709,2025-10-17T21:20:00.000,006XX S CALIFORNIA AVE,0910,MOTOR VEHICLE THEFT,AUTOMOBILE,STREET,False,False,1135,11,28,27,07,1157804.0,1897128.0,2025,2025-10-25T15:43:27.000,41.873473566,-87.696089857,"
,  
(41.873473566, -87.696089857)"
97,14001723,JJ455690,2025-10-17T21:16:00.000,080XX S PARNELL AVE,1310,CRIMINAL DAMAGE,TO PROPERTY,APARTMENT,False,True,621,6,6,44,14,1174028.0,1851568.0,2025,2025-10-25T15:43:27.000,41.748106575,-87.637877407,"
,  
(41.748106575, -87.637877407)"
98,14001541,JJ456260,2025-10-17T21:15:00.000,036XX N WESTERN AVE,1330,CRIMINAL TRESPASS,TO LAND,SMALL RETAIL STORE,False,False,1921,19,47,5,26,1159726.0,1924173.0,2025,2025-10-25T15:43:27.000,41.947647761,-87.688286471,"
,  
(41.947647761, -87.688286471)"
99,14001215,JJ455791,2025-10-17T21:15:00.000,097XX S GREEN ST,1320,CRIMINAL DAMAGE,TO VEHICLE,STREET,False,False,2223,22,21,73,14,1172366.0,1840152.0,2025,2025-10-25T15:43:27.000,41.716816201,-87.644302389,"
,  
(41.716816201, -87.644302389)"
100,14002800,JJ457087,2025-10-17T21:12:00.000,049XX S KEDZIE AVE,0860,THEFT,RETAIL THEFT,DEPARTMENT STORE,False,False,821,8,14,63,06,1155878.0,1871677.0,2025,2025-10-25T15:43:27.000,41.803671998,-87.703846021,"
,  
(41.803671998, -87.703846021)"
101,14001088,JJ455682,2025-10-17T21:11:00.000,079XX S WESTERN AVE,0560,ASSAULT,SIMPLE,RESTAURANT,False,False,835,8,18,70,08A,1161754.0,1852117.0,2025,2025-10-25T15:43:27.000,41.749876545,-87.682838316,"
,  
(41.749876545, -87.682838316)"
102,14001076,JJ455697,2025-10-17T21:05:00.000,061XX S NORMAL BLVD,1310,CRIMINAL DAMAGE,TO PROPERTY,APARTMENT,False,False,711,7,20,68,14,1174010.0,1864363.0,2025,2025-10-25T15:43:27.000,41.783217965,-87.637564113,"
,  
(41.783217965, -87.637564113)"
103,14001396,JJ455686,2025-10-17T21:04:00.000,033XX N ASHLAND AVE,0860,THEFT,RETAIL THEFT,DEPARTMENT STORE,False,False,1922,19,32,6,06,1165066.0,1922064.0,2025,2025-10-25T15:43:27.000,41.941748603,-87.668718084,"
,  
(41.941748603, -87.668718084)"
104,14001097,JJ455670,2025-10-17T21:03:00.000,014XX W 16TH ST,1570,SEX OFFENSE,PUBLIC INDECENCY,ALLEY,True,False,1233,12,25,31,17,1167085.0,1892170.0,2025,2025-10-25T15:43:27.000,41.859674268,-87.662157048,"
,  
(41.859674268, -87.662157048)"
105,14001091,JJ455707,2025-10-17T21:03:00.000,011XX W 94TH ST,1477,WEAPONS VIOLATION,RECKLESS FIREARM DISCHARGE,SIDEWALK,False,False,2222,22,21,73,15,1170414.0,1842457.0,2025,2025-10-25T15:43:27.000,41.723184108,-87.651384808,"
,  
(41.723184108, -87.651384808)"
106,14001197,JJ455868,2025-10-17T21:00:00.000,004XX N MORGAN ST,0910,MOTOR VEHICLE THEFT,AUTOMOBILE,STREET,False,False,1214,12,27,24,07,1169701.0,1902952.0,2025,2025-10-25T15:43:27.000,41.889204359,-87.652240467,"
,  
(41.889204359, -87.652240467)"
107,14001547,JJ456269,2025-10-17T21:00:00.000,016XX E 67TH ST,1320,CRIMINAL DAMAGE,TO VEHICLE,STREET,False,False,332,3,5,43,14,1188453.0,1860888.0,2025,2025-10-25T15:43:27.000,41.773349383,-87.584722889,"
,  
(41.773349383, -87.584722889)"
108,14001398,JJ456053,2025-10-17T21:00:00.000,101XX S WALDEN PKWY,0710,THEFT,THEFT FROM MOTOR VEHICLE,STREET,False,False,2213,22,19,72,06,1165711.0,1837455.0,2025,2025-10-25T15:43:27.000,41.709558767,-87.668752944,"
,  
(41.709558767, -87.668752944)"
109,14001778,JJ456398,2025-10-17T21:00:00.000,054XX S ELLIS AVE,0810,THEFT,OVER $500,RESIDENCE,False,False,233,2,5,41,06,1183867.0,1869610.0,2025,2025-10-25T15:43:27.000,41.797391622,-87.601261653,"
,  
(41.797391622, -87.601261653)"
110,14001378,JJ456082,2025-10-17T21:00:00.000,045XX N ALBANY AVE,1320,CRIMINAL DAMAGE,TO VEHICLE,RESIDENCE - GARAGE,False,False,1724,17,33,14,14,1154897.0,1929997.0,2025,2025-10-25T15:43:27.000,41.963727547,-87.705880011,"
,  
(41.963727547, -87.705880011)"
111,14001477,JJ456220,2025-10-17T21:00:00.000,052XX N LONG AVE,0710,THEFT,THEFT FROM MOTOR VEHICLE,STREET,False,False,1623,16,45,11,06,1139298.0,1934391.0,2025,2025-10-25T15:43:27.000,41.976084192,-87.763125693,"
,  
(41.976084192, -87.763125693)"
112,14003404,JJ458574,2025-10-17T21:00:00.000,078XX S BISHOP ST,1320,CRIMINAL DAMAGE,TO VEHICLE,STREET,False,False,612,6,17,71,14,1167918.0,1852799.0,2025,2025-10-25T15:43:27.000,41.751617946,-87.660231166,"
,  
(41.751617946, -87.660231166)"
113,14001100,JJ455678,2025-10-17T21:00:00.000,001XX W 63RD ST,031A,ROBBERY,ARMED - HANDGUN,GAS STATION,False,False,311,3,20,68,03,1176275.0,1863208.0,2025,2025-10-25T15:43:27.000,41.77999793,-87.629294594,"
,  
(41.77999793, -87.629294594)"
114,14001125,JJ455672,2025-10-17T20:58:00.000,036XX N BROADWAY,0860,THEFT,RETAIL THEFT,DEPARTMENT STORE,False,False,1925,19,46,6,06,1170674.0,1924606.0,2025,2025-10-25T15:43:27.000,41.948602785,-87.648031778,"
,  
(41.948602785, -87.648031778)"
115,14001152,JJ455661,2025-10-17T20:55:00.000,001XX S DEARBORN ST,0560,ASSAULT,SIMPLE,COMMERCIAL / BUSINESS OFFICE,True,False,112,1,34,32,08A,1175959.0,1899607.0,2025,2025-10-25T15:43:27.000,41.879886887,-87.629359567,"
,  
(41.879886887, -87.629359567)"
116,14001089,JJ455681,2025-10-17T20:52:00.000,021XX N LAWNDALE AVE,0486,BATTERY,DOMESTIC BATTERY SIMPLE,APARTMENT,False,True,2525,25,35,22,08B,1151357.0,1914158.0,2025,2025-10-25T15:43:27.000,41.920334491,-87.719312679,"
,  
(41.920334491, -87.719312679)"
117,14001095,JJ455689,2025-10-17T20:50:00.000,062XX S KNOX AVE,0560,ASSAULT,SIMPLE,APARTMENT,True,True,813,8,13,64,08A,1146449.0,1862749.0,2025,2025-10-25T15:43:27.000,41.779356431,-87.73865381,"
,  
(41.779356431, -87.73865381)"
118,14001084,JJ455663,2025-10-17T20:48:00.000,013XX W LAKE ST,1536,PUBLIC INDECENCY,LICENSED PREMISE,STREET,True,False,1215,12,27,28,17,1167120.0,1901555.0,2025,2025-10-25T15:43:27.000,41.885426714,-87.661759042,"
,  
(41.885426714, -87.661759042)"
119,14003995,JJ458613,2025-10-17T20:45:00.000,0000X S HALSTED ST,0860,THEFT,RETAIL THEFT,DEPARTMENT STORE,False,False,1232,12,34,28,06,1171057.0,1900105.0,2025,2025-10-25T15:43:27.000,41.88136236,-87.647344302,"
,  
(41.88136236, -87.647344302)"
120,14001143,JJ455754,2025-10-17T20:44:00.000,043XX W FORD CITY DR,0560,ASSAULT,SIMPLE,RESIDENCE,False,False,833,8,18,65,08A,1148765.0,1853235.0,2025,2025-10-25T15:43:27.000,41.753204151,-87.73040747,"
,  
(41.753204151, -87.73040747)"
121,14001185,JJ455653,2025-10-17T20:44:00.000,015XX N MILWAUKEE AVE,0461,BATTERY,"AGGRAVATED P.O. - HANDS, FISTS, FEET, SERIOUS INJURY",STREET,False,False,1424,14,1,24,04B,1162949.0,1910466.0,2025,2025-10-25T15:43:27.000,41.909967734,-87.676825297,"
,  
(41.909967734, -87.676825297)"
122,14002007,JJ455964,2025-10-17T20:44:00.000,0000X W 36TH ST,0890,THEFT,FROM BUILDING,APARTMENT,False,False,213,2,3,35,06,1176411.0,1881123.0,2025,2025-10-25T15:43:27.000,41.829155317,-87.628257211,"
,  
(41.829155317, -87.628257211)"
123,14001099,JJ455658,2025-10-17T20:40:00.000,040XX W MADISON ST,0430,BATTERY,AGGRAVATED - OTHER DANGEROUS WEAPON,SIDEWALK,False,False,1115,11,28,26,04B,1149474.0,1899706.0,2025,2025-10-25T15:43:27.000,41.880713521,-87.726606764,"
,  
(41.880713521, -87.726606764)"
124,14001078,JJ455656,2025-10-17T20:37:00.000,028XX W 25TH PL,051A,ASSAULT,AGGRAVATED - HANDGUN,STREET,False,False,1033,10,24,30,04A,1157805.0,1886954.0,2025,2025-10-25T15:43:27.000,41.845555015,-87.696363311,"
,  
(41.845555015, -87.696363311)"
125,14001124,JJ455665,2025-10-17T20:31:00.000,024XX N CLARK ST,0495,BATTERY,AGGRAVATED OF A SENIOR CITIZEN,SIDEWALK,False,False,1935,19,43,7,04B,1172742.0,1916345.0,2025,2025-10-25T15:43:27.000,41.925888667,-87.640675614,"
,  
(41.925888667, -87.640675614)"
126,14001480,JJ456198,2025-10-17T20:30:00.000,005XX N ASHLAND AVE,0820,THEFT,$500 AND UNDER,STREET,False,False,1215,12,1,24,06,1165629.0,1903904.0,2025,2025-10-25T15:43:27.000,41.891904437,-87.667167286,"
,  
(41.891904437, -87.667167286)"
127,14001239,JJ455745,2025-10-17T20:30:00.000,079XX S DAMEN AVE,1330,CRIMINAL TRESPASS,TO LAND,GAS STATION,False,False,611,6,18,71,26,1164404.0,1852172.0,2025,2025-10-25T15:43:27.000,41.749972085,-87.673125989,"
,  
(41.749972085, -87.673125989)"
128,14001520,JJ456212,2025-10-17T20:30:00.000,133XX S BRANDON AVE,1320,CRIMINAL DAMAGE,TO VEHICLE,SIDEWALK,False,False,433,4,10,55,14,1199440.0,1817013.0,2025,2025-10-25T15:43:27.000,41.65268312,-87.545918832,"
,  
(41.65268312, -87.545918832)"
129,14001070,JJ455659,2025-10-17T20:30:00.000,068XX S KARLOV AVE,0486,BATTERY,DOMESTIC BATTERY SIMPLE,RESIDENCE,False,True,833,8,23,65,08B,1150216.0,1858864.0,2025,2025-10-25T15:43:27.000,41.768623046,-87.724944141,"
,  
(41.768623046, -87.724944141)"
130,14004995,JJ460031,2025-10-17T20:30:00.000,008XX W RANDOLPH ST,0890,THEFT,FROM BUILDING,RESTAURANT,False,False,1224,12,27,28,06,1170896.0,1901170.0,2025,2025-10-25T15:43:27.000,41.884288322,-87.647904248,"
,  
(41.884288322, -87.647904248)"
131,14001138,JJ455640,2025-10-17T20:26:00.000,108XX S AVENUE M,041A,BATTERY,AGGRAVATED - HANDGUN,RESIDENCE,False,False,432,4,10,52,04B,1201533.0,1833680.0,2025,2025-10-25T15:43:27.000,41.698366299,-87.537697823,"
,  
(41.698366299, -87.537697823)"
132,14001077,JJ455651,2025-10-17T20:18:00.000,047XX S WOLCOTT AVE,143A,WEAPONS VIOLATION,UNLAWFUL POSSESSION - HANDGUN,STREET,True,False,931,9,15,61,15,1164484.0,1873279.0,2025,2025-10-25T15:43:27.000,41.807890782,-87.672238214,"
,  
(41.807890782, -87.672238214)"
133,14006831,JJ459313,2025-10-17T20:15:00.000,015XX W HUBBARD ST,0710,THEFT,THEFT FROM MOTOR VEHICLE,STREET,False,False,1215,12,27,24,06,1165933.0,1903175.0,2025,2025-10-25T15:43:27.000,41.889897525,-87.666071652,"
,  
(41.889897525, -87.666071652)"
134,14000943,JJ455642,2025-10-17T20:15:00.000,014XX W 14TH ST,0460,BATTERY,SIMPLE,SIDEWALK,False,False,1233,12,28,28,08B,1167120.0,1893514.0,2025,2025-10-25T15:43:27.000,41.863361569,-87.661989996,"
,  
(41.863361569, -87.661989996)"
135,14001096,JJ455647,2025-10-17T20:14:00.000,016XX N ORCHARD ST,0560,ASSAULT,SIMPLE,APARTMENT,False,False,1813,18,27,7,08A,1171377.0,1910935.0,2025,2025-10-25T15:43:27.000,41.911073507,-87.645850633,"
,  
(41.911073507, -87.645850633)"
136,14001107,JJ455641,2025-10-17T20:12:00.000,011XX W THORNDALE AVE,0460,BATTERY,SIMPLE,CTA PLATFORM,False,False,2433,24,48,77,08B,1167594.0,1939683.0,2025,2025-10-25T15:43:27.000,41.990041584,-87.65891695,"
,  
(41.990041584, -87.65891695)"
137,14001052,JJ455652,2025-10-17T20:09:00.000,011XX N LAVERGNE AVE,0495,BATTERY,AGGRAVATED OF A SENIOR CITIZEN,NURSING / RETIREMENT HOME,False,False,1531,15,37,25,04B,1142821.0,1907169.0,2025,2025-10-25T15:43:27.000,41.901319345,-87.750850275,"
,  
(41.901319345, -87.750850275)"
138,14001112,JJ455622,2025-10-17T20:01:00.000,039XX W MADISON ST,041A,BATTERY,AGGRAVATED - HANDGUN,RESTAURANT,False,False,1122,11,28,26,04B,1150189.0,1899724.0,2025,2025-10-25T15:43:27.000,41.880749014,-87.723980853,"
,  
(41.880749014, -87.723980853)"
139,14003230,JJ458193,2025-10-17T20:00:00.000,032XX W BELDEN AVE,1320,CRIMINAL DAMAGE,TO VEHICLE,STREET,False,False,1413,14,35,22,14,1153978.0,1915098.0,2025,2025-10-25T15:43:27.000,41.922862028,-87.709657462,"
,  
(41.922862028, -87.709657462)"
140,14001724,JJ456507,2025-10-17T20:00:00.000,011XX N KARLOV AVE,0910,MOTOR VEHICLE THEFT,AUTOMOBILE,STREET,False,False,1111,11,37,23,07,1148842.0,1907292.0,2025,2025-10-25T15:43:27.000,41.901542557,-87.728731159,"
,  
(41.901542557, -87.728731159)"
141,14002014,JJ456126,2025-10-17T20:00:00.000,022XX W IOWA ST,0890,THEFT,FROM BUILDING,RESIDENCE - GARAGE,False,False,1212,12,36,24,06,1161381.0,1905960.0,2025,2025-10-25T15:43:27.000,41.897635711,-87.682711035,"
,  
(41.897635711, -87.682711035)"
142,14001376,JJ456054,2025-10-17T20:00:00.000,004XX S GREEN ST,0910,MOTOR VEHICLE THEFT,AUTOMOBILE,STREET,False,False,1232,12,34,28,07,1170795.0,1898302.0,2025,2025-10-25T15:43:27.000,41.876420544,-87.648359186,"
,  
(41.876420544, -87.648359186)"
143,14003395,JJ458524,2025-10-17T20:00:00.000,028XX W ARMITAGE AVE,0810,THEFT,OVER $500,RESTAURANT,False,False,1414,14,1,22,06,1157077.0,1913159.0,2025,2025-10-25T15:43:27.000,41.917478848,-87.698323423,"
,  
(41.917478848, -87.698323423)"
144,14001419,JJ456145,2025-10-17T20:00:00.000,035XX W MC LEAN AVE,0760,BURGLARY,BURGLARY FROM MOTOR VEHICLE,STREET,False,False,1413,14,26,22,06,1152348.0,1913392.0,2025,2025-10-25T15:43:27.000,41.918212991,-87.715691806,"
,  
(41.918212991, -87.715691806)"
145,14005293,JJ460779,2025-10-17T20:00:00.000,007XX S KILBOURN AVE,0760,BURGLARY,BURGLARY FROM MOTOR VEHICLE,STREET,False,False,1131,11,24,26,06,1146447.0,1896183.0,2025,2025-10-25T15:43:27.000,41.871104173,-87.737811519,"
,  
(41.871104173, -87.737811519)"
146,14001905,JJ456587,2025-10-17T20:00:00.000,049XX N KARLOV AVE,0910,MOTOR VEHICLE THEFT,AUTOMOBILE,STREET,False,False,1712,17,39,14,07,1148165.0,1932521.0,2025,2025-10-25T15:43:27.000,41.970786193,-87.730566318,"
,  
(41.970786193, -87.730566318)"
147,14001247,JJ455843,2025-10-17T20:00:00.000,0000X N PULASKI RD,0430,BATTERY,AGGRAVATED - OTHER DANGEROUS WEAPON,STREET,False,False,1122,11,28,26,04B,1149726.0,1899823.0,2025,2025-10-25T15:43:27.000,41.881029689,-87.725678391,"
,  
(41.881029689, -87.725678391)"
148,14001160,JJ455734,2025-10-17T20:00:00.000,016XX W 85TH ST,0930,MOTOR VEHICLE THEFT,THEFT / RECOVERY - AUTOMOBILE,STREET,True,False,614,6,18,71,07,1166710.0,1848341.0,2025,2025-10-25T15:43:27.000,41.739410404,-87.664784849,"
,  
(41.739410404, -87.664784849)"
149,14002351,JJ457219,2025-10-17T20:00:00.000,022XX N MAJOR AVE,0760,BURGLARY,BURGLARY FROM MOTOR VEHICLE,STREET,False,False,2515,25,36,19,06,1138017.0,1914408.0,2025,2025-10-25T15:43:27.000,41.921272161,-87.768320937,"
,  
(41.921272161, -87.768320937)"
150,14001863,JJ456659,2025-10-17T20:00:00.000,063XX S KENWOOD AVE,0810,THEFT,OVER $500,RESIDENCE - GARAGE,False,False,314,3,20,42,06,1186161.0,1863154.0,2025,2025-10-25T15:43:27.000,41.779621922,-87.593053201,"
,  
(41.779621922, -87.593053201)"
151,14004915,JJ460394,2025-10-17T20:00:00.000,095XX S CALUMET AVE,0620,BURGLARY,UNLAWFUL ENTRY,RESIDENCE - GARAGE,False,False,511,5,9,49,05,1180261.0,1841818.0,2025,2025-10-25T15:43:27.000,41.721210894,-87.615335853,"
,  
(41.721210894, -87.615335853)"
152,14001103,JJ455637,2025-10-17T20:00:00.000,084XX W GREGORY ST,4387,OTHER OFFENSE,VIOLATE ORDER OF PROTECTION,APARTMENT,False,True,1614,16,41,76,26,1119003.0,1935764.0,2025,2025-10-25T15:43:27.000,41.980198303,-87.837730879,"
,  
(41.980198303, -87.837730879)"
153,14001344,JJ455984,2025-10-17T20:00:00.000,023XX N NEVA AVE,0810,THEFT,OVER $500,STREET,False,False,2512,25,29,25,06,1128210.0,1914577.0,2025,2025-10-25T15:43:27.000,41.921907576,-87.804351111,"
,  
(41.921907576, -87.804351111)"
154,14004742,JJ460095,2025-10-17T20:00:00.000,012XX W 16TH ST,0710,THEFT,THEFT FROM MOTOR VEHICLE,STREET,False,False,1233,12,25,28,06,1168214.0,1892203.0,2025,2025-10-25T15:43:27.000,41.859740529,-87.658011881,"
,  
(41.859740529, -87.658011881)"
155,14001094,JJ455630,2025-10-17T19:58:00.000,041XX S CALIFORNIA AVE,0460,BATTERY,SIMPLE,PARK PROPERTY,False,False,921,9,12,58,08B,1158369.0,1877502.0,2025,2025-10-25T15:43:27.000,41.819606117,-87.694551423,"
,  
(41.819606117, -87.694551423)"
156,14001055,JJ455618,2025-10-17T19:57:00.000,022XX W MARQUETTE RD,1310,CRIMINAL DAMAGE,TO PROPERTY,RESIDENCE,False,False,832,8,16,66,14,1162443.0,1860183.0,2025,2025-10-25T15:43:27.000,41.771996491,-87.680089055,"
,  
(41.771996491, -87.680089055)"
157,14001049,JJ455626,2025-10-17T19:55:00.000,006XX W HUBBARD ST,0560,ASSAULT,SIMPLE,BAR OR TAVERN,False,False,1214,12,27,24,08A,1171727.0,1903303.0,2025,2025-10-25T15:43:27.000,41.890123156,-87.644789891,"
,  
(41.890123156, -87.644789891)"
158,14001041,JJ455629,2025-10-17T19:55:00.000,021XX W PETERSON AVE,0860,THEFT,RETAIL THEFT,GROCERY FOOD STORE,True,False,2413,24,40,2,06,1160994.0,1939841.0,2025,2025-10-25T15:43:27.000,41.990615196,-87.683188577,"
,  
(41.990615196, -87.683188577)"
159,14001691,JJ456426,2025-10-17T19:50:00.000,057XX S EMERALD AVE,1310,CRIMINAL DAMAGE,TO PROPERTY,RESIDENCE - PORCH / HALLWAY,False,False,711,7,16,68,14,1172285.0,1866709.0,2025,2025-10-25T15:43:27.000,41.78969378,-87.643819534,"
,  
(41.78969378, -87.643819534)"
160,14000959,JJ455615,2025-10-17T19:50:00.000,0000X W TERMINAL ST,1350,CRIMINAL TRESPASS,TO STATE SUP LAND,AIRPORT TERMINAL LOWER LEVEL - NON-SECURE AREA,True,False,1653,16,41,76,26,1101811.0,1934419.0,2025,2025-10-25T15:43:27.000,41.976762981,-87.900983721,"
,  
(41.976762981, -87.900983721)"
161,14001346,JJ455991,2025-10-17T19:50:00.000,019XX N HALSTED ST,0820,THEFT,$500 AND UNDER,RESTAURANT,False,False,1813,18,43,7,06,1170649.0,1913144.0,2025,2025-10-25T15:43:27.000,41.917151101,-87.648460233,"
,  
(41.917151101, -87.648460233)"
162,14000940,JJ455627,2025-10-17T19:48:00.000,009XX W 115TH ST,143A,WEAPONS VIOLATION,UNLAWFUL POSSESSION - HANDGUN,RESIDENCE,False,False,2234,22,21,75,15,1172038.0,1828568.0,2025,2025-10-25T15:43:27.000,41.685035122,-87.645842381,"
,  
(41.685035122, -87.645842381)"
163,14001047,JJ455625,2025-10-17T19:45:00.000,027XX N MENARD AVE,5002,OTHER OFFENSE,OTHER VEHICLE OFFENSE,VEHICLE NON-COMMERCIAL,False,True,2514,25,30,19,26,1137251.0,1917539.0,2025,2025-10-25T15:43:27.000,41.929877789,-87.771060014,"
,  
(41.929877789, -87.771060014)"
164,14001042,JJ455605,2025-10-17T19:40:00.000,044XX W 26TH ST,0520,ASSAULT,AGGRAVATED - KNIFE / CUTTING INSTRUMENT,STREET,False,False,1013,10,22,30,04A,1147250.0,1886349.0,2025,2025-10-25T15:43:27.000,41.844103106,-87.735114933,"
,  
(41.844103106, -87.735114933)"
165,14001383,JJ455592,2025-10-17T19:40:00.000,016XX W MADISON ST,2825,OTHER OFFENSE,HARASSMENT BY TELEPHONE,APARTMENT,False,False,1224,12,27,28,26,1165476.0,1900090.0,2025,2025-10-25T15:43:27.000,41.881441785,-87.667837814,"
,  
(41.881441785, -87.667837814)"
166,14001073,JJ455609,2025-10-17T19:40:00.000,022XX E 68TH ST,4387,OTHER OFFENSE,VIOLATE ORDER OF PROTECTION,APARTMENT,False,True,331,3,5,43,26,1192201.0,1860314.0,2025,2025-10-25T15:43:27.000,41.771683937,-87.571002493,"
,  
(41.771683937, -87.571002493)"
167,14001102,JJ455648,2025-10-17T19:40:00.000,085XX W ARGYLE ST,2820,OTHER OFFENSE,TELEPHONE THREAT,APARTMENT,False,False,1614,16,41,76,08A,1118784.0,1932118.0,2025,2025-10-25T15:43:27.000,41.970196724,-87.838613738,"
,  
(41.970196724, -87.838613738)"
168,14001119,JJ455633,2025-10-17T19:38:00.000,0000X W ERIE ST,143A,WEAPONS VIOLATION,UNLAWFUL POSSESSION - HANDGUN,SIDEWALK,True,False,1832,18,42,8,15,1175671.0,1904764.0,2025,2025-10-25T15:43:27.000,41.894044459,-87.63026191,"
,  
(41.894044459, -87.63026191)"
169,14001225,JJ455701,2025-10-17T19:32:00.000,055XX S DAMEN AVE,1710,OFFENSE INVOLVING CHILDREN,ENDANGERING LIFE / HEALTH OF CHILD,STREET,True,True,715,7,16,67,20,1163972.0,1867880.0,2025,2025-10-25T15:43:27.000,41.793086059,-87.674267933,"
,  
(41.793086059, -87.674267933)"
170,14001998,JJ456009,2025-10-17T19:32:00.000,0000X E GRAND AVE,0870,THEFT,POCKET-PICKING,DEPARTMENT STORE,False,False,1834,18,42,8,06,1176796.0,1903917.0,2025,2025-10-25T15:43:27.000,41.891694878,-87.626155832,"
,  
(41.891694878, -87.626155832)"
171,14001575,JJ456274,2025-10-17T19:30:00.000,017XX W MONROE ST,0920,MOTOR VEHICLE THEFT,ATTEMPT - AUTOMOBILE,PARKING LOT / GARAGE (NON RESIDENTIAL),False,False,1224,12,27,28,07,1164666.0,1899595.0,2025,2025-10-25T15:43:27.000,41.880100662,-87.670826123,"
,  
(41.880100662, -87.670826123)"
172,14000922,JJ455593,2025-10-17T19:30:00.000,029XX N WISNER AVE,0890,THEFT,FROM BUILDING,APARTMENT,False,False,1412,14,35,21,06,1152815.0,1919130.0,2025,2025-10-25T15:43:27.000,41.933949298,-87.713823693,"
,  
(41.933949298, -87.713823693)"
173,14001105,JJ455643,2025-10-17T19:30:00.000,020XX W GRANVILLE AVE,0460,BATTERY,SIMPLE,STREET,False,False,2413,24,40,2,08B,1161621.0,1941169.0,2025,2025-10-25T15:43:27.000,41.994246188,-87.680845112,"
,  
(41.994246188, -87.680845112)"
174,14001062,JJ455614,2025-10-17T19:28:00.000,054XX W WELLINGTON AVE,0496,BATTERY,AGGRAVATED DOMESTIC BATTERY - KNIFE / CUTTING INSTRUMENT,APARTMENT,True,True,2514,25,31,19,04B,1139676.0,1919415.0,2025,2025-10-25T15:43:27.000,41.934981744,-87.762102717,"
,  
(41.934981744, -87.762102717)"
175,14000976,JJ455603,2025-10-17T19:23:00.000,035XX N BROADWAY,0860,THEFT,RETAIL THEFT,CONVENIENCE STORE,False,False,1925,19,46,6,06,1171140.0,1923600.0,2025,2025-10-25T15:43:27.000,41.945832048,-87.646348502,"
,  
(41.945832048, -87.646348502)"
176,14002679,JJ457715,2025-10-17T19:20:00.000,007XX W 58TH ST,0810,THEFT,OVER $500,APARTMENT,False,False,711,7,16,68,06,1172182.0,1866404.0,2025,2025-10-25T15:43:27.000,41.788859092,-87.644206167,"
,  
(41.788859092, -87.644206167)"
177,14001038,JJ455590,2025-10-17T19:20:00.000,025XX W WARREN BLVD,0560,ASSAULT,SIMPLE,APARTMENT,False,True,1222,12,27,28,08A,1159448.0,1900267.0,2025,2025-10-25T15:43:27.000,41.882053625,-87.689967507,"
,  
(41.882053625, -87.689967507)"
178,28920,JJ455562,2025-10-17T19:20:00.000,031XX S PRINCETON AVE,0110,HOMICIDE,FIRST DEGREE MURDER,AUTO,False,True,915,9,11,34,01A,1174795.0,1884240.0,2025,2025-10-25T15:43:27.000,41.837744867,-87.634093111,"
,  
(41.837744867, -87.634093111)"
179,14000944,JJ455589,2025-10-17T19:15:00.000,115XX S HALSTED ST,0860,THEFT,RETAIL THEFT,GAS STATION,False,False,524,5,21,53,06,1173048.0,1828494.0,2025,2025-10-25T15:43:27.000,41.684809877,-87.642147208,"
,  
(41.684809877, -87.642147208)"
180,14001734,JJ456441,2025-10-17T19:15:00.000,048XX W WRIGHTWOOD AVE,2825,OTHER OFFENSE,HARASSMENT BY TELEPHONE,RESIDENCE,False,True,2521,25,31,19,26,1143676.0,1916860.0,2025,2025-10-25T15:43:27.000,41.927896499,-87.747466581,"
,  
(41.927896499, -87.747466581)"
181,14003889,JJ455691,2025-10-17T19:14:00.000,015XX W DEVON AVE,0820,THEFT,$500 AND UNDER,GAS STATION,False,False,2432,24,49,1,06,1165030.0,1942601.0,2025,2025-10-25T15:43:27.000,41.998103671,-87.668264445,"
,  
(41.998103671, -87.668264445)"
182,14003794,JJ459175,2025-10-17T19:13:00.000,046XX W BERTEAU AVE,0820,THEFT,$500 AND UNDER,APARTMENT,False,False,1722,17,45,15,06,1144244.0,1927290.0,2025,2025-10-25T15:43:27.000,41.956506701,-87.745116372,"
,  
(41.956506701, -87.745116372)"
183,14001037,JJ455594,2025-10-17T19:10:00.000,023XX W 21ST PL,143A,WEAPONS VIOLATION,UNLAWFUL POSSESSION - HANDGUN,STREET,True,False,1234,12,25,31,15,1161104.0,1889683.0,2025,2025-10-25T15:43:27.000,41.852975893,-87.684180575,"
,  
(41.852975893, -87.684180575)"
184,14000970,JJ455587,2025-10-17T19:03:00.000,003XX W HUBBARD ST,0860,THEFT,RETAIL THEFT,SMALL RETAIL STORE,False,False,1831,18,42,8,06,1173716.0,1903251.0,2025,2025-10-25T15:43:27.000,41.889936436,-87.637486992,"
,  
(41.889936436, -87.637486992)"
185,14000910,JJ455573,2025-10-17T19:03:00.000,055XX W NORTH AVE,0520,ASSAULT,AGGRAVATED - KNIFE / CUTTING INSTRUMENT,APARTMENT,False,True,2532,25,37,25,04A,1138935.0,1910082.0,2025,2025-10-25T15:43:27.000,41.909384478,-87.765053252,"
,  
(41.909384478, -87.765053252)"
186,14001469,JJ456049,2025-10-17T19:00:00.000,038XX N WHIPPLE ST,0760,BURGLARY,BURGLARY FROM MOTOR VEHICLE,DRIVEWAY - RESIDENTIAL,False,False,1733,17,33,16,06,1155372.0,1925274.0,2025,2025-10-25T15:43:27.000,41.950757779,-87.704261055,"
,  
(41.950757779, -87.704261055)"
187,14001110,JJ455575,2025-10-17T19:00:00.000,034XX N LAKE SHORE DR,0484,BATTERY,"PROTECTED EMPLOYEE - HANDS, FISTS, FEET, NO / MINOR INJURY",CHURCH / SYNAGOGUE / PLACE OF WORSHIP,False,False,1925,19,46,6,08B,1172295.0,1923771.0,2025,2025-10-25T15:43:27.000,41.946275797,-87.642098091,"
,  
(41.946275797, -87.642098091)"
188,14001870,JJ456649,2025-10-17T19:00:00.000,053XX S PRAIRIE AVE,0460,BATTERY,SIMPLE,OTHER (SPECIFY),False,False,231,2,3,40,08B,1178950.0,1869603.0,2025,2025-10-25T15:43:27.000,41.797485906,-87.619293014,"
,  
(41.797485906, -87.619293014)"
189,14001805,JJ456615,2025-10-17T19:00:00.000,010XX N RUSH ST,0810,THEFT,OVER $500,BAR OR TAVERN,False,False,1824,18,42,8,06,1176342.0,1907375.0,2025,2025-10-25T15:43:27.000,41.901194057,-87.627718702,"
,  
(41.901194057, -87.627718702)"
190,14000951,JJ455639,2025-10-17T19:00:00.000,020XX N KOSTNER AVE,1320,CRIMINAL DAMAGE,TO VEHICLE,STREET,False,False,2522,25,35,20,14,1146727.0,1913178.0,2025,2025-10-25T15:43:27.000,41.917734984,-87.736349387,"
,  
(41.917734984, -87.736349387)"
191,14001415,JJ455989,2025-10-17T19:00:00.000,064XX S KENWOOD AVE,0910,MOTOR VEHICLE THEFT,AUTOMOBILE,STREET,False,False,314,3,20,42,07,1186174.0,1862666.0,2025,2025-10-25T15:43:27.000,41.778282502,-87.593020945,"
,  
(41.778282502, -87.593020945)"
192,14001838,JJ456381,2025-10-17T19:00:00.000,079XX S PERRY AVE,0910,MOTOR VEHICLE THEFT,AUTOMOBILE,RESIDENCE,False,False,623,6,17,44,07,1176985.0,1852400.0,2025,2025-10-25T15:43:27.000,41.750323587,-87.627017016,"
,  
(41.750323587, -87.627017016)"
193,14001238,JJ455762,2025-10-17T19:00:00.000,009XX N MICHIGAN AVE,0870,THEFT,POCKET-PICKING,SIDEWALK,False,False,1833,18,42,8,06,1177324.0,1906733.0,2025,2025-10-25T15:43:27.000,41.899410159,-87.624131266,"
,  
(41.899410159, -87.624131266)"
194,14003925,JJ458309,2025-10-17T19:00:00.000,039XX W 47TH ST,0860,THEFT,RETAIL THEFT,DRUG STORE,False,False,821,8,14,57,06,1150702.0,1873176.0,2025,2025-10-25T15:43:27.000,41.807887928,-87.722790148,"
,  
(41.807887928, -87.722790148)"
195,14001256,JJ455598,2025-10-17T19:00:00.000,007XX E 84TH ST,0930,MOTOR VEHICLE THEFT,THEFT / RECOVERY - AUTOMOBILE,STREET,False,False,632,6,6,44,07,1182509.0,1849439.0,2025,2025-10-25T15:43:27.000,41.742072059,-87.606866355,"
,  
(41.742072059, -87.606866355)"
196,14001085,JJ455677,2025-10-17T19:00:00.000,034XX W ADDISON ST,1320,CRIMINAL DAMAGE,TO VEHICLE,ATHLETIC CLUB,False,False,1732,17,35,21,14,1152637.0,1923718.0,2025,2025-10-25T15:43:27.000,41.946542649,-87.714356095,"
,  
(41.946542649, -87.714356095)"
197,14001114,JJ455582,2025-10-17T18:50:00.000,010XX E 132ND ST,0560,ASSAULT,SIMPLE,RESIDENCE,False,False,533,5,10,54,08A,1185727.0,1818033.0,2025,2025-10-25T15:43:27.000,41.655814926,-87.59606083,"
,  
(41.655814926, -87.59606083)"
198,14000955,JJ455561,2025-10-17T18:50:00.000,001XX E GARFIELD BLVD,0545,ASSAULT,"PROTECTED EMPLOYEE - HANDS, FISTS, FEET, NO / MINOR INJURY",CTA BUS,False,False,231,2,20,40,08A,1178207.0,1868466.0,2025,2025-10-25T15:43:27.000,41.794382775,-87.622052179,"
,  
(41.794382775, -87.622052179)"
199,14001067,JJ455549,2025-10-17T18:50:00.000,040XX W LAKE ST,0460,BATTERY,SIMPLE,ALLEY,False,False,1114,11,28,26,08B,1149376.0,1901456.0,2025,2025-10-25T15:43:27.000,41.885517614,-87.726921208,"
,  
(41.885517614, -87.726921208)"
200,14000908,JJ455544,2025-10-17T18:44:00.000,034XX W BELMONT AVE,4387,OTHER OFFENSE,VIOLATE ORDER OF PROTECTION,SIDEWALK,True,True,1412,14,35,21,26,1153081.0,1921071.0,2025,2025-10-25T15:43:27.000,41.939270274,-87.712794514,"
,  
(41.939270274, -87.712794514)"
201,14001064,JJ455597,2025-10-17T18:30:00.000,001XX N CENTRAL PARK DR,041A,BATTERY,AGGRAVATED - HANDGUN,SIDEWALK,False,False,1122,11,28,27,04B,1152428.0,1900773.0,2025,2025-10-25T15:43:27.000,41.883583662,-87.715731653,"
,  
(41.883583662, -87.715731653)"
202,14001794,JJ456637,2025-10-17T18:30:00.000,077XX N EASTLAKE TER,1320,CRIMINAL DAMAGE,TO VEHICLE,STREET,False,False,2422,24,49,1,14,1165768.0,1951125.0,2025,2025-10-25T15:43:27.000,42.021477909,-87.665304916,"
,  
(42.021477909, -87.665304916)"
203,14001369,JJ456032,2025-10-17T18:30:00.000,006XX S STATE ST,0910,MOTOR VEHICLE THEFT,AUTOMOBILE,PARKING LOT / GARAGE (NON RESIDENTIAL),False,False,123,1,4,32,07,1176456.0,1897484.0,2025,2025-10-25T15:43:27.000,41.874050049,-87.627598768,"
,  
(41.874050049, -87.627598768)"
204,14000931,JJ455546,2025-10-17T18:30:00.000,004XX W ELM ST,0560,ASSAULT,SIMPLE,RESIDENCE - GARAGE,False,False,1823,18,27,8,08A,1173091.0,1907900.0,2025,2025-10-25T15:43:27.000,41.90270744,-87.639644207,"
,  
(41.90270744, -87.639644207)"
205,14002851,JJ457567,2025-10-17T18:30:00.000,026XX N BOSWORTH AVE,0810,THEFT,OVER $500,STREET,False,False,1932,19,32,7,06,1165542.0,1917675.0,2025,2025-10-25T15:43:27.000,41.929694813,-87.667093954,"
,  
(41.929694813, -87.667093954)"
206,14001583,JJ456348,2025-10-17T18:30:00.000,028XX W GLENLAKE AVE,0910,MOTOR VEHICLE THEFT,AUTOMOBILE,STREET,False,False,2413,24,50,2,07,1156150.0,1940373.0,2025,2025-10-25T15:43:27.000,41.992174555,-87.700991498,"
,  
(41.992174555, -87.700991498)"
207,14002848,JJ457458,2025-10-17T18:29:00.000,001XX N STATE ST,0860,THEFT,RETAIL THEFT,DEPARTMENT STORE,False,False,111,1,34,32,06,1176352.0,1900918.0,2025,2025-10-25T15:43:27.000,41.883475491,-87.627876969,"
,  
(41.883475491, -87.627876969)"
208,14001057,JJ455530,2025-10-17T18:24:00.000,128XX S MARQUETTE AVE,0560,ASSAULT,SIMPLE,RESIDENCE,False,True,433,4,10,55,08A,1196424.0,1820429.0,2025,2025-10-25T15:43:27.000,41.662132102,-87.556841281,"
,  
(41.662132102, -87.556841281)"
209,14001989,JJ456161,2025-10-17T18:21:00.000,028XX N MAPLEWOOD AVE,0710,THEFT,THEFT FROM MOTOR VEHICLE,STREET,False,False,1411,14,35,21,06,1158866.0,1918823.0,2025,2025-10-25T15:43:27.000,41.932984733,-87.691594843,"
,  
(41.932984733, -87.691594843)"
210,14001063,JJ455536,2025-10-17T18:18:00.000,052XX W MADISON ST,0312,ROBBERY,ARMED - KNIFE / CUTTING INSTRUMENT,DRUG STORE,False,False,1522,15,37,25,03,1141512.0,1899523.0,2025,2025-10-25T15:43:27.000,41.880362084,-87.755847438,"
,  
(41.880362084, -87.755847438)"
211,14001173,JJ455778,2025-10-17T18:15:00.000,016XX N THROOP ST,1320,CRIMINAL DAMAGE,TO VEHICLE,STREET,False,False,1433,14,32,24,14,1167403.0,1911234.0,2025,2025-10-25T15:43:27.000,41.91198046,-87.660441044,"
,  
(41.91198046, -87.660441044)"
212,14001168,JJ455777,2025-10-17T18:15:00.000,016XX N THROOP ST,0760,BURGLARY,BURGLARY FROM MOTOR VEHICLE,STREET,False,False,1433,14,32,24,06,1167403.0,1911247.0,2025,2025-10-25T15:43:27.000,41.912016132,-87.660440669,"
,  
(41.912016132, -87.660440669)"
213,14001131,JJ455685,2025-10-17T18:15:00.000,005XX S HOYNE AVE,1320,CRIMINAL DAMAGE,TO VEHICLE,STREET,False,False,1225,12,27,28,14,1162481.0,1897478.0,2025,2025-10-25T15:43:27.000,41.874337432,-87.678908444,"
,  
(41.874337432, -87.678908444)"
214,14001274,JJ455780,2025-10-17T18:15:00.000,016XX N THROOP ST,1320,CRIMINAL DAMAGE,TO VEHICLE,STREET,False,False,1433,14,32,24,14,1167404.0,1911221.0,2025,2025-10-25T15:43:27.000,41.911944765,-87.660437745,"
,  
(41.911944765, -87.660437745)"
215,14001036,JJ455550,2025-10-17T18:14:00.000,070XX S PULASKI RD,0330,ROBBERY,AGGRAVATED,DRUG STORE,False,False,833,8,23,65,03,1150922.0,1857430.0,2025,2025-10-25T15:43:27.000,41.764674182,-87.722393601,"
,  
(41.764674182, -87.722393601)"
216,14003993,JJ458516,2025-10-17T18:11:00.000,009XX E 54TH PL,0820,THEFT,$500 AND UNDER,RESIDENCE - PORCH / HALLWAY,False,False,233,2,5,41,06,1183651.0,1869275.0,2025,2025-10-25T15:43:27.000,41.796477399,-87.602064196,"
,  
(41.796477399, -87.602064196)"
217,14000848,JJ455529,2025-10-17T18:10:00.000,0000X S SPRINGFIELD AVE,2017,NARCOTICS,MANUFACTURE / DELIVER - CRACK,SIDEWALK,True,False,1122,11,28,26,18,1150397.0,1899612.0,2025,2025-10-25T15:43:27.000,41.880437619,-87.723220012,"
,  
(41.880437619, -87.723220012)"
218,14000927,JJ455520,2025-10-17T18:09:00.000,030XX S HALSTED ST,0560,ASSAULT,SIMPLE,PARKING LOT / GARAGE (NON RESIDENTIAL),True,False,913,9,11,60,08A,1171463.0,1884732.0,2025,2025-10-25T15:43:27.000,41.839168741,-87.646305207,"
,  
(41.839168741, -87.646305207)"
219,14002860,JJ457757,2025-10-17T18:05:00.000,001XX W KINZIE ST,1320,CRIMINAL DAMAGE,TO VEHICLE,PARKING LOT / GARAGE (NON RESIDENTIAL),False,False,1831,18,42,8,14,1175310.0,1902997.0,2025,2025-10-25T15:43:27.000,41.889203826,-87.631640804,"
,  
(41.889203826, -87.631640804)"
220,14004573,JJ459907,2025-10-17T18:00:00.000,031XX S PULASKI RD,1197,DECEPTIVE PRACTICE,"FALSE INFO - CERTIFICATION, LICENSING CRIMINAL BACKGROUND EM",CURRENCY EXCHANGE,False,False,1031,10,22,30,11,1150206.0,1883573.0,2025,2025-10-25T15:43:27.000,41.836428389,-87.72433908,"
,  
(41.836428389, -87.72433908)"
221,14000913,JJ455568,2025-10-17T18:00:00.000,054XX N CLARK ST,0860,THEFT,RETAIL THEFT,DRUG STORE,False,False,2012,20,40,77,06,1165048.0,1936387.0,2025,2025-10-25T15:43:27.000,41.981051896,-87.668375719,"
,  
(41.981051896, -87.668375719)"
222,14001403,JJ456109,2025-10-17T18:00:00.000,014XX W GRAND AVE,0320,ROBBERY,STRONG ARM - NO WEAPON,SIDEWALK,False,False,1215,12,1,24,03,1166810.0,1903592.0,2025,2025-10-25T15:43:27.000,41.891023043,-87.662838966,"
,  
(41.891023043, -87.662838966)"
223,14002361,JJ457167,2025-10-17T18:00:00.000,016XX E 50TH ST,0820,THEFT,$500 AND UNDER,PARKING LOT / GARAGE (NON RESIDENTIAL),False,False,222,2,5,39,06,1188352.0,1872195.0,2025,2025-10-25T15:43:27.000,41.804379051,-87.584732228,"
,  
(41.804379051, -87.584732228)"
224,14002399,JJ457293,2025-10-17T18:00:00.000,028XX N MENARD AVE,0910,MOTOR VEHICLE THEFT,AUTOMOBILE,STREET,False,False,2514,25,30,19,07,1137230.0,1918210.0,2025,2025-10-25T15:43:27.000,41.931719464,-87.771121016,"
,  
(41.931719464, -87.771121016)"
225,14003689,JJ459010,2025-10-17T18:00:00.000,052XX S LEAMINGTON AVE,1581,SEX OFFENSE,NON-CONSENSUAL DISSEMINATION OF PRIVATE SEXUAL IMAGES,APARTMENT,False,False,814,8,23,56,17,1142911.0,1869561.0,2025,2025-10-25T15:43:27.000,41.798116112,-87.751455711,"
,  
(41.798116112, -87.751455711)"
226,14002499,JJ457309,2025-10-17T18:00:00.000,043XX N FRANCISCO AVE,0760,BURGLARY,BURGLARY FROM MOTOR VEHICLE,RESIDENCE - GARAGE,False,False,1724,17,33,16,06,1156269.0,1928651.0,2025,2025-10-25T15:43:27.000,41.960006364,-87.700872116,"
,  
(41.960006364, -87.700872116)"
227,14000864,JJ455508,2025-10-17T18:00:00.000,043XX S KILDARE BLVD,0910,MOTOR VEHICLE THEFT,AUTOMOBILE,STREET,False,False,815,8,14,57,07,1148368.0,1875360.0,2025,2025-10-25T15:43:27.000,41.813926326,-87.731294646,"
,  
(41.813926326, -87.731294646)"
228,14004649,JJ459786,2025-10-17T18:00:00.000,002XX E KENSINGTON AVE,0930,MOTOR VEHICLE THEFT,THEFT / RECOVERY - AUTOMOBILE,STREET,False,False,532,5,9,53,07,1179744.0,1828239.0,2025,2025-10-25T15:43:27.000,41.683960085,-87.617642835,"
,  
(41.683960085, -87.617642835)"
229,14003926,JJ458310,2025-10-17T18:00:00.000,039XX W 47TH ST,0860,THEFT,RETAIL THEFT,DRUG STORE,False,False,821,8,14,57,06,1150702.0,1873176.0,2025,2025-10-25T15:43:27.000,41.807887928,-87.722790148,"
,  
(41.807887928, -87.722790148)"
230,14002383,JJ457283,2025-10-17T18:00:00.000,009XX W HURON ST,0917,MOTOR VEHICLE THEFT,"CYCLE, SCOOTER, BIKE WITH VIN",STREET,False,False,1214,12,27,24,07,1170128.0,1905085.0,2025,2025-10-25T15:43:27.000,41.895048138,-87.650610033,"
,  
(41.895048138, -87.650610033)"
231,14000902,JJ455533,2025-10-17T18:00:00.000,009XX N MICHIGAN AVE,1330,CRIMINAL TRESPASS,TO LAND,DEPARTMENT STORE,False,False,1833,18,42,8,26,1177324.0,1906733.0,2025,2025-10-25T15:43:27.000,41.899410159,-87.624131266,"
,  
(41.899410159, -87.624131266)"
232,14001092,JJ455669,2025-10-17T18:00:00.000,021XX S ALBANY AVE,0486,BATTERY,DOMESTIC BATTERY SIMPLE,APARTMENT,True,True,1022,10,24,30,08B,1156021.0,1889465.0,2025,2025-10-25T15:43:27.000,41.852481608,-87.702842788,"
,  
(41.852481608, -87.702842788)"
233,14003340,JJ458306,2025-10-17T18:00:00.000,031XX S KOSTNER AVE,0760,BURGLARY,BURGLARY FROM MOTOR VEHICLE,SCHOOL - PUBLIC GROUNDS,False,False,1031,10,22,30,06,1147562.0,1883379.0,2025,2025-10-25T15:43:27.000,41.835947057,-87.734045986,"
,  
(41.835947057, -87.734045986)"
234,14000849,JJ455521,2025-10-17T17:58:00.000,077XX S MARYLAND AVE,0454,BATTERY,"AGGRAVATED P.O. - HANDS, FISTS, FEET, NO / MINOR INJURY",STREET,True,False,624,6,8,69,08B,1183241.0,1853972.0,2025,2025-10-25T15:43:27.000,41.754494104,-87.604043574,"
,  
(41.754494104, -87.604043574)"
235,14000866,JJ455488,2025-10-17T17:50:00.000,006XX N STATE ST,0890,THEFT,FROM BUILDING,RESTAURANT,False,False,1832,18,42,8,06,1176258.0,1904560.0,2025,2025-10-25T15:43:27.000,41.893471454,-87.628112229,"
,  
(41.893471454, -87.628112229)"
236,14000861,JJ455505,2025-10-17T17:50:00.000,050XX W OHIO ST,0560,ASSAULT,SIMPLE,RESIDENCE - PORCH / HALLWAY,False,False,1532,15,37,25,08A,1142709.0,1903527.0,2025,2025-10-25T15:43:27.000,41.89132736,-87.751352411,"
,  
(41.89132736, -87.751352411)"
237,14001375,JJ456067,2025-10-17T17:45:00.000,063XX S WENTWORTH AVE,0880,THEFT,PURSE-SNATCHING,SIDEWALK,False,False,312,3,20,68,06,1176046.0,1863053.0,2025,2025-10-25T15:43:27.000,41.779577735,-87.630138783,"
,  
(41.779577735, -87.630138783)"
238,14000865,JJ455506,2025-10-17T17:45:00.000,076XX S HALSTED ST,0560,ASSAULT,SIMPLE,STREET,False,True,621,6,17,71,08A,1172288.0,1854297.0,2025,2025-10-25T15:43:27.000,41.755633717,-87.644173224,"
,  
(41.755633717, -87.644173224)"
239,14000832,JJ455490,2025-10-17T17:42:00.000,075XX S COTTAGE GROVE AVE,0320,ROBBERY,STRONG ARM - NO WEAPON,STREET,False,False,624,6,6,69,03,1182871.0,1855089.0,2025,2025-10-25T15:43:27.000,41.757567866,-87.605364858,"
,  
(41.757567866, -87.605364858)"
240,14000907,JJ455494,2025-10-17T17:42:00.000,008XX N STATE ST,1210,DECEPTIVE PRACTICE,THEFT OF LABOR / SERVICES,RESTAURANT,False,False,1832,18,42,8,11,1176205.0,1906429.0,2025,2025-10-25T15:43:27.000,41.898601278,-87.628250467,"
,  
(41.898601278, -87.628250467)"
241,14001975,JJ455927,2025-10-17T17:40:00.000,008XX W WELLINGTON AVE,0810,THEFT,OVER $500,SIDEWALK,False,False,1933,19,44,6,06,1169981.0,1920130.0,2025,2025-10-25T15:43:27.000,41.936335635,-87.650710119,"
,  
(41.936335635, -87.650710119)"
242,14001065,JJ455512,2025-10-17T17:40:00.000,012XX W 96TH ST,143A,WEAPONS VIOLATION,UNLAWFUL POSSESSION - HANDGUN,STREET,True,False,2213,22,21,73,15,1169774.0,1840998.0,2025,2025-10-25T15:43:27.000,41.719194284,-87.653771257,"
,  
(41.719194284, -87.653771257)"
243,14000812,JJ455477,2025-10-17T17:34:00.000,033XX S WENTWORTH AVE,0560,ASSAULT,SIMPLE,STREET,False,False,915,9,11,34,08A,1175491.0,1882813.0,2025,2025-10-25T15:43:27.000,41.833813487,-87.631581974,"
,  
(41.833813487, -87.631581974)"
244,14001456,JJ456181,2025-10-17T17:30:00.000,014XX S MICHIGAN AVE,0870,THEFT,POCKET-PICKING,RESTAURANT,False,False,132,1,3,33,06,1177449.0,1893672.0,2025,2025-10-25T15:43:27.000,41.863567228,-87.624068617,"
,  
(41.863567228, -87.624068617)"
245,14000855,JJ455516,2025-10-17T17:30:00.000,007XX W 58TH ST,0486,BATTERY,DOMESTIC BATTERY SIMPLE,APARTMENT,False,True,711,7,16,68,08B,1172182.0,1866404.0,2025,2025-10-25T15:43:27.000,41.788859092,-87.644206167,"
,  
(41.788859092, -87.644206167)"
246,14002869,JJ457420,2025-10-17T17:30:00.000,013XX N Cleaver St,0560,ASSAULT,SIMPLE,SIDEWALK,False,False,1433,14,1,24,08A,1166480.0,1908928.0,2025,2025-10-25T15:43:27.000,41.905672468,-87.663897979,"
,  
(41.905672468, -87.663897979)"
247,14000883,JJ455532,2025-10-17T17:30:00.000,064XX N DAMEN AVE,0486,BATTERY,DOMESTIC BATTERY SIMPLE,APARTMENT,False,True,2412,24,50,2,08B,1161797.0,1942706.0,2025,2025-10-25T15:43:27.000,41.998460083,-87.680154581,"
,  
(41.998460083, -87.680154581)"
248,14003167,JJ458155,2025-10-17T17:30:00.000,026XX E 74TH ST,0910,MOTOR VEHICLE THEFT,AUTOMOBILE,PARKING LOT / GARAGE (NON RESIDENTIAL),False,False,334,3,7,43,07,1195273.0,1856753.0,2025,2025-10-25T15:43:27.000,41.761837032,-87.559859165,"
,  
(41.761837032, -87.559859165)"
249,14002819,JJ457095,2025-10-17T17:30:00.000,076XX S CICERO AVE,0860,THEFT,RETAIL THEFT,DEPARTMENT STORE,False,False,833,8,18,65,06,1145727.0,1853720.0,2025,2025-10-25T15:43:27.000,41.754592961,-87.741528537,"
,  
(41.754592961, -87.741528537)"
250,14001564,JJ456291,2025-10-17T17:30:00.000,017XX S RACINE AVE,0820,THEFT,$500 AND UNDER,RESIDENCE - YARD (FRONT / BACK),False,False,1235,12,25,31,06,1168644.0,1891793.0,2025,2025-10-25T15:43:27.000,41.858606163,-87.656445347,"
,  
(41.858606163, -87.656445347)"
251,14003255,JJ458250,2025-10-17T17:30:00.000,029XX N OAKLEY AVE,0760,BURGLARY,BURGLARY FROM MOTOR VEHICLE,STREET,False,False,1931,19,32,5,06,1160510.0,1919673.0,2025,2025-10-25T15:43:27.000,41.935283261,-87.685529679,"
,  
(41.935283261, -87.685529679)"
252,14000771,JJ455470,2025-10-17T17:27:00.000,0000X E 95TH ST,5132,OTHER OFFENSE,VIOLENT OFFENDER - FAIL TO REGISTER NEW ADDRESS,PARK PROPERTY,True,False,511,5,9,49,26,1178598.0,1842007.0,2025,2025-10-25T15:43:27.000,41.721767434,-87.62142132,"
,  
(41.721767434, -87.62142132)"
253,14006351,JJ462093,2025-10-17T17:26:00.000,055XX W SUNNYSIDE AVE,1754,OFFENSE INVOLVING CHILDREN,AGGRAVATED SEXUAL ASSAULT OF CHILD BY FAMILY MEMBER,RESIDENCE,False,True,1623,16,45,15,02,1138648.0,1929390.0,2025,2025-10-25T15:43:27.000,41.962372855,-87.765637893,"
,  
(41.962372855, -87.765637893)"
254,14000852,JJ455481,2025-10-17T17:25:00.000,006XX W 63RD ST,2825,OTHER OFFENSE,HARASSMENT BY TELEPHONE,DEPARTMENT STORE,False,True,711,7,20,68,26,1173047.0,1863112.0,2025,2025-10-25T15:43:27.000,41.779806409,-87.641131698,"
,  
(41.779806409, -87.641131698)"
255,14000854,JJ455538,2025-10-17T17:25:00.000,012XX N CLARK ST,0810,THEFT,OVER $500,SMALL RETAIL STORE,False,False,1824,18,2,8,06,1175314.0,1908524.0,2025,2025-10-25T15:43:27.000,41.904370109,-87.631460067,"
,  
(41.904370109, -87.631460067)"
256,14000820,JJ455510,2025-10-17T17:25:00.000,010XX W MADISON ST,1210,DECEPTIVE PRACTICE,THEFT OF LABOR / SERVICES,RESTAURANT,False,False,1232,12,34,28,11,1169299.0,1900207.0,2025,2025-10-25T15:43:27.000,41.881680634,-87.65379659,"
,  
(41.881680634, -87.65379659)"
257,14000784,JJ455449,2025-10-17T17:24:00.000,072XX S CARPENTER ST,0810,THEFT,OVER $500,APARTMENT,False,False,733,7,17,68,06,1170565.0,1856840.0,2025,2025-10-25T15:43:27.000,41.762649738,-87.650413609,"
,  
(41.762649738, -87.650413609)"
258,14000962,JJ455460,2025-10-17T17:15:00.000,048XX W CHICAGO AVE,0420,BATTERY,AGGRAVATED - KNIFE / CUTTING INSTRUMENT,SIDEWALK,False,False,1531,15,37,25,04B,1144029.0,1904874.0,2025,2025-10-25T15:43:27.000,41.894999013,-87.746470784,"
,  
(41.894999013, -87.746470784)"
259,14000777,JJ455458,2025-10-17T17:15:00.000,038XX W ARMITAGE AVE,143A,WEAPONS VIOLATION,UNLAWFUL POSSESSION - HANDGUN,STREET,True,False,2535,25,26,22,15,1150558.0,1913015.0,2025,2025-10-25T15:43:27.000,41.917213656,-87.722278299,"
,  
(41.917213656, -87.722278299)"
260,14000933,JJ455452,2025-10-17T17:14:00.000,009XX W NORTH AVE,0860,THEFT,RETAIL THEFT,SMALL RETAIL STORE,False,False,1813,18,2,7,06,1169689.0,1910843.0,2025,2025-10-25T15:43:27.000,41.910858013,-87.652054407,"
,  
(41.910858013, -87.652054407)"
261,14000803,JJ455451,2025-10-17T17:06:00.000,049XX S PULASKI RD,0530,ASSAULT,AGGRAVATED - OTHER DANGEROUS WEAPON,AUTO / BOAT / RV DEALERSHIP,True,False,815,8,14,57,04A,1150529.0,1871661.0,2025,2025-10-25T15:43:27.000,41.803733918,-87.723464103,"
,  
(41.803733918, -87.723464103)"
262,14001873,JJ456508,2025-10-17T17:00:00.000,016XX N BOSWORTH AVE,1310,CRIMINAL DAMAGE,TO PROPERTY,APARTMENT,False,False,1433,14,32,24,14,1165742.0,1910930.0,2025,2025-10-25T15:43:27.000,41.91118186,-87.666551732,"
,  
(41.91118186, -87.666551732)"
263,14002354,JJ456023,2025-10-17T17:00:00.000,036XX S NORMAL AVE,0710,THEFT,THEFT FROM MOTOR VEHICLE,STREET,False,False,915,9,11,60,06,1173556.0,1880832.0,2025,2025-10-25T15:43:27.000,41.828420609,-87.638740646,"
,  
(41.828420609, -87.638740646)"
264,14000814,JJ455438,2025-10-17T17:00:00.000,003XX W SWANN ST,0486,BATTERY,DOMESTIC BATTERY SIMPLE,RESIDENCE - YARD (FRONT / BACK),False,True,925,9,3,37,08B,1174857.0,1874069.0,2025,2025-10-25T15:43:27.000,41.809833362,-87.63416932,"
,  
(41.809833362, -87.63416932)"
265,14001855,JJ456602,2025-10-17T17:00:00.000,011XX W 62ND ST,0820,THEFT,$500 AND UNDER,STREET,False,False,712,7,16,68,06,1169873.0,1863687.0,2025,2025-10-25T15:43:27.000,41.7814538,-87.652751307,"
,  
(41.7814538, -87.652751307)"
266,14001347,JJ455993,2025-10-17T17:00:00.000,068XX W DIVERSEY AVE,0760,BURGLARY,BURGLARY FROM MOTOR VEHICLE,STREET,False,False,2512,25,36,18,06,1130177.0,1917853.0,2025,2025-10-25T15:43:27.000,41.9308638,-87.797048373,"
,  
(41.9308638, -87.797048373)"
267,14004872,JJ460396,2025-10-17T17:00:00.000,057XX S WABASH AVE,0810,THEFT,OVER $500,STREET,False,False,232,2,20,40,06,1177691.0,1867079.0,2025,2025-10-25T15:43:27.000,41.790588412,-87.623986286,"
,  
(41.790588412, -87.623986286)"
268,14001803,JJ456619,2025-10-17T17:00:00.000,008XX N NOBLE ST,0810,THEFT,OVER $500,RESIDENCE,False,False,1213,12,27,24,06,1166908.0,1905674.0,2025,2025-10-25T15:43:27.000,41.896734097,-87.662419273,"
,  
(41.896734097, -87.662419273)"
269,14001685,JJ456417,2025-10-17T17:00:00.000,036XX W 55TH ST,0810,THEFT,OVER $500,STREET,False,False,822,8,23,62,06,1152860.0,1867886.0,2025,2025-10-25T15:43:27.000,41.793329066,-87.715014651,"
,  
(41.793329066, -87.715014651)"
270,14002680,JJ457430,2025-10-17T17:00:00.000,086XX S RACINE AVE,0820,THEFT,$500 AND UNDER,STREET,False,False,613,6,17,71,06,1169829.0,1847596.0,2025,2025-10-25T15:43:27.000,41.737298961,-87.653378911,"
,  
(41.737298961, -87.653378911)"
271,14002350,JJ457206,2025-10-17T17:00:00.000,016XX S CLARK ST,0910,MOTOR VEHICLE THEFT,AUTOMOBILE,STREET,False,False,131,1,11,33,07,1175771.0,1892296.0,2025,2025-10-25T15:43:27.000,41.859829267,-87.630269741,"
,  
(41.859829267, -87.630269741)"
272,14002275,JJ457117,2025-10-17T17:00:00.000,045XX N ALBANY AVE,1320,CRIMINAL DAMAGE,TO VEHICLE,RESIDENCE - YARD (FRONT / BACK),False,False,1724,17,33,14,14,1154896.0,1930016.0,2025,2025-10-25T15:43:27.000,41.963779705,-87.705883176,"
,  
(41.963779705, -87.705883176)"
273,14003342,JJ458494,2025-10-17T17:00:00.000,042XX S MORGAN ST,0890,THEFT,FROM BUILDING,COMMERCIAL / BUSINESS OFFICE,False,False,925,9,11,61,06,1170350.0,1876579.0,2025,2025-10-25T15:43:27.000,41.816820487,-87.650627126,"
,  
(41.816820487, -87.650627126)"
274,14004864,JJ460382,2025-10-17T17:00:00.000,025XX N CLYBOURN AVE,0610,BURGLARY,FORCIBLE ENTRY,RESIDENCE - GARAGE,False,False,1931,19,32,7,05,1164202.0,1916718.0,2025,2025-10-25T15:43:27.000,41.927097215,-87.672045195,"
,  
(41.927097215, -87.672045195)"
275,14007604,JJ463586,2025-10-17T17:00:00.000,036XX N RECREATION DR,0810,THEFT,OVER $500,OTHER (SPECIFY),False,False,1925,19,46,6,06,,,2025,2025-10-25T15:43:27.000,,,
276,14001562,JJ456311,2025-10-17T17:00:00.000,047XX S ASHLAND AVE,0460,BATTERY,SIMPLE,STREET,False,False,931,9,20,61,08B,1166467.0,1873388.0,2025,2025-10-25T15:43:27.000,41.808147803,-87.664961971,"
,  
(41.808147803, -87.664961971)"
277,14001370,JJ456048,2025-10-17T17:00:00.000,021XX W WALNUT ST,0910,MOTOR VEHICLE THEFT,AUTOMOBILE,STREET,False,False,1223,12,27,28,07,1162201.0,1901658.0,2025,2025-10-25T15:43:27.000,41.885813569,-87.679819615,"
,  
(41.885813569, -87.679819615)"
278,14001463,JJ456069,2025-10-17T17:00:00.000,030XX S DR MARTIN LUTHER KING JR DR,0710,THEFT,THEFT FROM MOTOR VEHICLE,STREET,False,False,133,1,4,35,06,1179408.0,1885031.0,2025,2025-10-25T15:43:27.000,41.83981113,-87.617141911,"
,  
(41.83981113, -87.617141911)"
279,14001582,JJ456113,2025-10-17T17:00:00.000,071XX S EAST END AVE,0820,THEFT,$500 AND UNDER,APARTMENT,False,False,324,3,7,43,06,1188772.0,1857899.0,2025,2025-10-25T15:43:27.000,41.765139692,-87.583649033,"
,  
(41.765139692, -87.583649033)"
280,14002687,JJ457695,2025-10-17T17:00:00.000,011XX S HOMAN AVE,0810,THEFT,OVER $500,CTA BUS,False,False,1133,11,24,29,06,1153884.0,1894590.0,2025,2025-10-25T15:43:27.000,41.866587978,-87.710549815,"
,  
(41.866587978, -87.710549815)"
281,14008074,JJ463872,2025-10-17T16:59:00.000,009XX N MICHIGAN AVE,0860,THEFT,RETAIL THEFT,SMALL RETAIL STORE,False,False,1833,18,2,8,06,,,2025,2025-10-25T15:43:27.000,,,
282,14000709,JJ455388,2025-10-17T16:55:00.000,001XX S WELLS ST,0460,BATTERY,SIMPLE,STREET,True,False,122,1,42,32,08B,1174758.0,1899553.0,2025,2025-10-25T15:43:27.000,41.879765656,-87.633771052,"
,  
(41.879765656, -87.633771052)"
283,14001109,JJ455548,2025-10-17T16:55:00.000,0000X E WASHINGTON ST,0460,BATTERY,SIMPLE,RESTAURANT,False,False,111,1,34,32,08B,1176884.0,1900830.0,2025,2025-10-25T15:43:27.000,41.883221997,-87.625926112,"
,  
(41.883221997, -87.625926112)"
284,14001040,JJ455401,2025-10-17T16:50:00.000,018XX S CENTRAL PARK AVE,0560,ASSAULT,SIMPLE,APARTMENT,False,True,1014,10,24,29,08A,1152671.0,1890538.0,2025,2025-10-25T15:43:27.000,41.855492886,-87.71511001,"
,  
(41.855492886, -87.71511001)"
285,14001106,JJ455543,2025-10-17T16:50:00.000,002XX N STATE ST,0479,BATTERY,"AGGRAVATED - HANDS, FISTS, FEET, SERIOUS INJURY",SIDEWALK,False,False,111,1,42,32,04B,1176327.0,1901797.0,2025,2025-10-25T15:43:27.000,41.885888079,-87.627942238,"
,  
(41.885888079, -87.627942238)"
286,14000923,JJ455402,2025-10-17T16:50:00.000,012XX N WELLS ST,0430,BATTERY,AGGRAVATED - OTHER DANGEROUS WEAPON,SIDEWALK,True,False,1821,18,2,8,04B,1174490.0,1908441.0,2025,2025-10-25T15:43:27.000,41.904160813,-87.634489295,"
,  
(41.904160813, -87.634489295)"
287,14000778,JJ455437,2025-10-17T16:50:00.000,030XX S HARDING AVE,0486,BATTERY,DOMESTIC BATTERY SIMPLE,APARTMENT,False,True,1031,10,22,30,08B,1150525.0,1884108.0,2025,2025-10-25T15:43:27.000,41.837890287,-87.723154592,"
,  
(41.837890287, -87.723154592)"
288,14000786,JJ455419,2025-10-17T16:50:00.000,0000X W 79TH ST,0460,BATTERY,SIMPLE,CTA PLATFORM,True,False,623,6,6,44,08B,1177483.0,1852629.0,2025,2025-10-25T15:43:27.000,41.750940757,-87.625185222,"
,  
(41.750940757, -87.625185222)"
289,14000841,JJ455432,2025-10-17T16:46:00.000,063XX S MAY ST,2027,NARCOTICS,POSSESS - CRACK,ALLEY,True,False,724,7,16,68,18,1169737.0,1862828.0,2025,2025-10-25T15:43:27.000,41.779099554,-87.65327482,"
,  
(41.779099554, -87.65327482)"
290,14000935,JJ455407,2025-10-17T16:36:00.000,065XX S MARSHFIELD AVE,0454,BATTERY,"AGGRAVATED P.O. - HANDS, FISTS, FEET, NO / MINOR INJURY",SIDEWALK,False,False,725,7,15,67,08B,1166449.0,1861372.0,2025,2025-10-25T15:43:27.000,41.775174826,-87.665370412,"
,  
(41.775174826, -87.665370412)"
291,14000887,JJ455581,2025-10-17T16:30:00.000,099XX S DR MARTIN LUTHER KING JR DR,0460,BATTERY,SIMPLE,GOVERNMENT BUILDING / PROPERTY,False,False,511,5,8,49,08B,1180653.0,1839365.0,2025,2025-10-25T15:43:27.000,41.714470571,-87.613975119,"
,  
(41.714470571, -87.613975119)"
292,14000796,JJ455363,2025-10-17T16:30:00.000,104XX S AVENUE L,0520,ASSAULT,AGGRAVATED - KNIFE / CUTTING INSTRUMENT,RESIDENCE,True,False,432,4,10,52,04A,1201837.0,1836354.0,2025,2025-10-25T15:43:27.000,41.705696272,-87.536494167,"
,  
(41.705696272, -87.536494167)"
293,14000967,JJ455370,2025-10-17T16:30:00.000,002XX W NORTH AVE,0320,ROBBERY,STRONG ARM - NO WEAPON,SIDEWALK,False,False,1814,18,2,7,03,1174280.0,1910990.0,2025,2025-10-25T15:43:27.000,41.911160085,-87.635184465,"
,  
(41.911160085, -87.635184465)"
294,14001603,JJ456050,2025-10-17T16:30:00.000,0000X E OHIO ST,1150,DECEPTIVE PRACTICE,CREDIT CARD FRAUD,RESTAURANT,False,False,1834,18,42,8,11,1176753.0,1904212.0,2025,2025-10-25T15:43:27.000,41.892505345,-87.626304822,"
,  
(41.892505345, -87.626304822)"
295,14001442,JJ456101,2025-10-17T16:30:00.000,037XX W BELMONT AVE,0910,MOTOR VEHICLE THEFT,AUTOMOBILE,STREET,False,False,2523,25,35,21,07,1150881.0,1921019.0,2025,2025-10-25T15:43:27.000,41.939170997,-87.720881536,"
,  
(41.939170997, -87.720881536)"
296,14001512,JJ455361,2025-10-17T16:27:00.000,083XX S JUSTINE ST,1310,CRIMINAL DAMAGE,TO PROPERTY,APARTMENT,False,False,614,6,18,71,14,1167563.0,1849525.0,2025,2025-10-25T15:43:27.000,41.742641244,-87.661625734,"
,  
(41.742641244, -87.661625734)"
297,14000978,JJ455353,2025-10-17T16:26:00.000,009XX N LONG AVE,041A,BATTERY,AGGRAVATED - HANDGUN,STREET,False,False,1524,15,37,25,04B,1140147.0,1905568.0,2025,2025-10-25T15:43:27.000,41.896975411,-87.760711524,"
,  
(41.896975411, -87.760711524)"
298,14000949,JJ455454,2025-10-17T16:22:00.000,068XX S UNION AVE,1710,OFFENSE INVOLVING CHILDREN,ENDANGERING LIFE / HEALTH OF CHILD,APARTMENT,False,True,723,7,6,68,20,1172916.0,1859607.0,2025,2025-10-25T15:43:27.000,41.770191176,-87.6417153,"
,  
(41.770191176, -87.6417153)"
299,14000715,JJ455397,2025-10-17T16:22:00.000,008XX W CORNELIA AVE,0820,THEFT,$500 AND UNDER,APARTMENT,False,False,1924,19,44,6,06,1169856.0,1923450.0,2025,2025-10-25T15:43:27.000,41.945448584,-87.651072393,"
,  
(41.945448584, -87.651072393)"
300,14000794,JJ455331,2025-10-17T16:21:00.000,044XX S PRAIRIE AVE,0485,BATTERY,AGGRAVATED OF A CHILD,STREET,False,True,215,2,3,38,04B,1178784.0,1875596.0,2025,2025-10-25T15:43:27.000,41.813935009,-87.61971928,"
,  
(41.813935009, -87.61971928)"
301,14000747,JJ455357,2025-10-17T16:20:00.000,033XX W BELMONT AVE,0860,THEFT,RETAIL THEFT,SMALL RETAIL STORE,False,False,1733,17,35,21,06,1153368.0,1921084.0,2025,2025-10-25T15:43:27.000,41.939300241,-87.711739358,"
,  
(41.939300241, -87.711739358)"
302,14001111,JJ455364,2025-10-17T16:19:00.000,001XX S WELLS ST,041A,BATTERY,AGGRAVATED - HANDGUN,SIDEWALK,False,False,122,1,42,32,04B,1174758.0,1899553.0,2025,2025-10-25T15:43:27.000,41.879765656,-87.633771052,"
,  
(41.879765656, -87.633771052)"
303,14000963,JJ455394,2025-10-17T16:19:00.000,037XX W EASTWOOD AVE,0560,ASSAULT,SIMPLE,APARTMENT,False,False,1723,17,33,14,08A,1150475.0,1930638.0,2025,2025-10-25T15:43:27.000,41.965574202,-87.72212158,"
,  
(41.965574202, -87.72212158)"
304,14000859,JJ455537,2025-10-17T16:18:00.000,001XX W VAN BUREN ST,0460,BATTERY,SIMPLE,STREET,False,False,122,1,34,32,08B,1175191.0,1898502.0,2025,2025-10-25T15:43:27.000,41.876871952,-87.632212678,"
,  
(41.876871952, -87.632212678)"
305,14000845,JJ455410,2025-10-17T16:17:00.000,014XX E 67TH ST,502R,OTHER OFFENSE,VEHICLE TITLE / REGISTRATION OFFENSE,STREET,True,False,321,3,5,42,26,1186909.0,1860854.0,2025,2025-10-25T15:43:27.000,41.773292825,-87.590383827,"
,  
(41.773292825, -87.590383827)"
306,14000844,JJ455335,2025-10-17T16:17:00.000,007XX E 82ND ST,0560,ASSAULT,SIMPLE,ALLEY,False,False,631,6,6,44,08A,1182901.0,1850799.0,2025,2025-10-25T15:43:27.000,41.745794957,-87.605387935,"
,  
(41.745794957, -87.605387935)"
307,14001928,JJ456673,2025-10-17T16:15:00.000,001XX W JACKSON BLVD,0460,BATTERY,SIMPLE,RESTAURANT,False,False,122,1,34,32,08B,1175454.0,1898968.0,2025,2025-10-25T15:43:27.000,41.878144785,-87.631233035,"
,  
(41.878144785, -87.631233035)"
308,14000770,JJ455383,2025-10-17T16:15:00.000,017XX S MORGAN ST,2820,OTHER OFFENSE,TELEPHONE THREAT,RESIDENCE,False,True,1235,12,25,31,08A,1170152.0,1891852.0,2025,2025-10-25T15:43:27.000,41.858735307,-87.650908318,"
,  
(41.858735307, -87.650908318)"
309,14000971,JJ455347,2025-10-17T16:10:00.000,015XX N KEELER AVE,051A,ASSAULT,AGGRAVATED - HANDGUN,ALLEY,False,False,2534,25,36,23,04A,1148100.0,1909940.0,2025,2025-10-25T15:43:27.000,41.908823257,-87.731388379,"
,  
(41.908823257, -87.731388379)"
310,14001666,JJ456326,2025-10-17T16:06:00.000,040XX S RICHMOND ST,0320,ROBBERY,STRONG ARM - NO WEAPON,SIDEWALK,False,False,921,9,12,58,03,1157347.0,1877447.0,2025,2025-10-25T15:43:27.000,41.819475978,-87.698302053,"
,  
(41.819475978, -87.698302053)"
311,14000767,JJ455354,2025-10-17T16:05:00.000,100XX S CRANDON AVE,0460,BATTERY,SIMPLE,STREET,False,False,431,4,7,51,08B,1193483.0,1838955.0,2025,2025-10-25T15:43:27.000,41.713041732,-87.567000428,"
,  
(41.713041732, -87.567000428)"
312,14000813,JJ455334,2025-10-17T16:04:00.000,046XX W DIVERSEY AVE,0860,THEFT,RETAIL THEFT,GROCERY FOOD STORE,True,False,2521,25,31,20,06,1144875.0,1918210.0,2025,2025-10-25T15:43:27.000,41.931578463,-87.743026506,"
,  
(41.931578463, -87.743026506)"
313,14000721,JJ455435,2025-10-17T16:00:00.000,012XX N ARTESIAN AVE,1152,DECEPTIVE PRACTICE,ILLEGAL USE CASH CARD,DRUG STORE,False,False,1423,14,26,24,11,1159851.0,1908119.0,2025,2025-10-25T15:43:27.000,41.903591885,-87.688270928,"
,  
(41.903591885, -87.688270928)"
314,14000670,JJ455291,2025-10-17T16:00:00.000,034XX W ADDISON ST,0760,BURGLARY,BURGLARY FROM MOTOR VEHICLE,PARKING LOT / GARAGE (NON RESIDENTIAL),False,False,1732,17,35,21,06,1152637.0,1923718.0,2025,2025-10-25T15:43:27.000,41.946542649,-87.714356095,"
,  
(41.946542649, -87.714356095)"
315,14001720,JJ456389,2025-10-17T16:00:00.000,011XX N DEARBORN ST,0870,THEFT,POCKET-PICKING,APARTMENT,False,False,1824,18,2,8,06,1175730.0,1907920.0,2025,2025-10-25T15:43:27.000,41.902703354,-87.629950194,"
,  
(41.902703354, -87.629950194)"
316,14000693,JJ455284,2025-10-17T16:00:00.000,024XX W MONTROSE AVE,4387,OTHER OFFENSE,VIOLATE ORDER OF PROTECTION,RESIDENCE,False,False,1911,19,47,5,26,1158860.0,1929140.0,2025,2025-10-25T15:43:27.000,41.961295335,-87.691332906,"
,  
(41.961295335, -87.691332906)"
317,14001044,JJ455387,2025-10-17T16:00:00.000,052XX W MADISON ST,0860,THEFT,RETAIL THEFT,SMALL RETAIL STORE,False,False,1522,15,37,25,06,1141512.0,1899523.0,2025,2025-10-25T15:43:27.000,41.880362084,-87.755847438,"
,  
(41.880362084, -87.755847438)"
318,14000946,JJ455497,2025-10-17T16:00:00.000,078XX S INGLESIDE AVE,0460,BATTERY,SIMPLE,RESIDENCE,False,False,624,6,8,69,08B,1183921.0,1853254.0,2025,2025-10-25T15:43:27.000,41.752507994,-87.601573991,"
,  
(41.752507994, -87.601573991)"
319,14006610,JJ461347,2025-10-17T16:00:00.000,013XX N LONG AVE,0820,THEFT,$500 AND UNDER,RESIDENCE - PORCH / HALLWAY,False,False,2532,25,37,25,06,1140044.0,1908236.0,2025,2025-10-25T15:43:27.000,41.904298606,-87.761024461,"
,  
(41.904298606, -87.761024461)"
320,14005980,JJ461063,2025-10-17T16:00:00.000,008XX S WABASH AVE,0810,THEFT,OVER $500,PARKING LOT / GARAGE (NON RESIDENTIAL),False,False,123,1,4,32,06,1176918.0,1896566.0,2025,2025-10-25T15:43:27.000,41.871520566,-87.625930316,"
,  
(41.871520566, -87.625930316)"
321,14001637,JJ456354,2025-10-17T16:00:00.000,034XX W 72ND ST,1320,CRIMINAL DAMAGE,TO VEHICLE,STREET,False,False,831,8,17,66,14,1154647.0,1856654.0,2025,2025-10-25T15:43:27.000,41.762471301,-87.708760961,"
,  
(41.762471301, -87.708760961)"
322,14003364,JJ458475,2025-10-17T16:00:00.000,105XX S PULASKI RD,0560,ASSAULT,SIMPLE,RESIDENCE,False,True,2211,22,19,74,08A,1151537.0,1834463.0,2025,2025-10-25T15:43:27.000,41.701636615,-87.720738582,"
,  
(41.701636615, -87.720738582)"
323,14001420,JJ456118,2025-10-17T16:00:00.000,054XX W FOSTER AVE,0910,MOTOR VEHICLE THEFT,AUTOMOBILE,STREET,False,False,1623,16,45,11,07,1139291.0,1934056.0,2025,2025-10-25T15:43:27.000,41.975165052,-87.763159635,"
,  
(41.975165052, -87.763159635)"
324,14001625,JJ455542,2025-10-17T16:00:00.000,017XX W 79TH ST,1310,CRIMINAL DAMAGE,TO PROPERTY,OTHER (SPECIFY),False,False,611,6,17,71,14,1165946.0,1852305.0,2025,2025-10-25T15:43:27.000,41.750304448,-87.667471642,"
,  
(41.750304448, -87.667471642)"
325,14000975,JJ455566,2025-10-17T16:00:00.000,032XX S ASHLAND AVE,0460,BATTERY,SIMPLE,APARTMENT,False,False,912,9,12,59,08B,1166196.0,1883206.0,2025,2025-10-25T15:43:27.000,41.835095227,-87.665676113,"
,  
(41.835095227, -87.665676113)"
326,14001491,JJ456239,2025-10-17T15:59:00.000,034XX S HALSTED ST,1153,DECEPTIVE PRACTICE,FINANCIAL IDENTITY THEFT OVER $ 300,BANK,False,False,913,9,11,60,11,1171531.0,1882112.0,2025,2025-10-25T15:43:27.000,41.831977734,-87.646132596,"
,  
(41.831977734, -87.646132596)"
327,14000769,JJ455293,2025-10-17T15:57:00.000,076XX N PAULINA ST,1330,CRIMINAL TRESPASS,TO LAND,CTA PLATFORM,True,False,2422,24,49,1,26,1163657.0,1950509.0,2025,2025-10-25T15:43:27.000,42.019832544,-87.673090871,"
,  
(42.019832544, -87.673090871)"
328,14007989,JJ463954,2025-10-17T15:55:00.000,045XX S LA CROSSE AVE,0610,BURGLARY,FORCIBLE ENTRY,RESIDENCE,False,False,814,8,22,56,05,,,2025,2025-10-25T15:43:27.000,,,
329,14002000,JJ465166,2025-10-17T15:55:00.000,038XX N FREMONT ST,0820,THEFT,$500 AND UNDER,APARTMENT,False,False,1923,19,46,6,06,1169575.0,1925758.0,2025,2025-10-25T15:43:27.000,41.951787958,-87.652037805,"
,  
(41.951787958, -87.652037805)"
330,14000795,JJ455313,2025-10-17T15:55:00.000,013XX E 53RD ST,0820,THEFT,$500 AND UNDER,DEPARTMENT STORE,False,False,234,2,4,41,06,1185977.0,1870393.0,2025,2025-10-25T15:43:27.000,41.799490663,-87.593499384,"
,  
(41.799490663, -87.593499384)"
331,14001385,JJ455416,2025-10-17T15:50:00.000,112XX S VERNON AVE,0560,ASSAULT,SIMPLE,RESIDENCE,False,False,531,5,9,49,08A,1181244.0,1830527.0,2025,2025-10-25T15:43:27.000,41.690204352,-87.612081729,"
,  
(41.690204352, -87.612081729)"
332,14000870,JJ455463,2025-10-17T15:47:00.000,004XX N ORLEANS ST,0460,BATTERY,SIMPLE,STREET,False,False,1831,18,42,8,08B,1173848.0,1903389.0,2025,2025-10-25T15:43:27.000,41.890312178,-87.636998121,"
,  
(41.890312178, -87.636998121)"
333,14001082,JJ455608,2025-10-17T15:41:00.000,072XX S ABERDEEN ST,0460,BATTERY,SIMPLE,STREET,False,False,733,7,17,68,08B,1170233.0,1856899.0,2025,2025-10-25T15:43:27.000,41.762818868,-87.651628726,"
,  
(41.762818868, -87.651628726)"
334,14000880,JJ455298,2025-10-17T15:40:00.000,050XX N KENNETH AVE,0460,BATTERY,SIMPLE,SCHOOL - PUBLIC GROUNDS,False,False,1712,17,39,14,08B,1145783.0,1933195.0,2025,2025-10-25T15:43:27.000,41.972681352,-87.739308038,"
,  
(41.972681352, -87.739308038)"
335,14000846,JJ455255,2025-10-17T15:39:00.000,014XX W 63RD ST,0545,ASSAULT,"PROTECTED EMPLOYEE - HANDS, FISTS, FEET, NO / MINOR INJURY",STREET,False,False,713,7,16,67,08A,1167639.0,1862965.0,2025,2025-10-25T15:43:27.000,41.779520772,-87.660962362,"
,  
(41.779520772, -87.660962362)"
336,14001985,JJ455948,2025-10-17T15:35:00.000,104XX S PROSPECT AVE,1154,DECEPTIVE PRACTICE,FINANCIAL IDENTITY THEFT $300 AND UNDER,,False,False,2212,22,19,72,11,1167548.0,1835530.0,2025,2025-10-25T15:43:27.000,41.704237156,-87.662080534,"
,  
(41.704237156, -87.662080534)"
337,14000707,JJ455261,2025-10-17T15:35:00.000,029XX W ADDISON ST,0860,THEFT,RETAIL THEFT,SMALL RETAIL STORE,True,False,1733,17,33,21,06,1155975.0,1923781.0,2025,2025-10-25T15:43:27.000,41.946648722,-87.702084879,"
,  
(41.946648722, -87.702084879)"
338,14002868,JJ457131,2025-10-17T15:35:00.000,001XX S Ashland Ave,0810,THEFT,OVER $500,RESIDENCE - PORCH / HALLWAY,False,False,1224,12,34,28,06,1165777.0,1899437.0,2025,2025-10-25T15:43:27.000,41.87964349,-87.666751182,"
,  
(41.87964349, -87.666751182)"
339,14000830,JJ455482,2025-10-17T15:34:00.000,0000X N CENTRAL AVE,2820,OTHER OFFENSE,TELEPHONE THREAT,APARTMENT,False,False,1522,15,29,25,08A,1139048.0,1899810.0,2025,2025-10-25T15:43:27.000,41.88119479,-87.764888143,"
,  
(41.88119479, -87.764888143)"
340,14000750,JJ455380,2025-10-17T15:30:00.000,037XX W BELMONT AVE,0460,BATTERY,SIMPLE,ALLEY,False,False,2523,25,35,21,08B,1150731.0,1921016.0,2025,2025-10-25T15:43:27.000,41.939165704,-87.721432909,"
,  
(41.939165704, -87.721432909)"
341,14006664,JJ462471,2025-10-17T15:30:00.000,015XX N DAMEN AVE,1220,DECEPTIVE PRACTICE,THEFT OF LOST / MISLAID PROPERTY,CTA STATION,False,False,1424,14,1,24,11,1162781.0,1910371.0,2025,2025-10-25T15:43:27.000,41.909710574,-87.677445129,"
,  
(41.909710574, -87.677445129)"
342,14000735,JJ455340,2025-10-17T15:30:00.000,065XX N HIAWATHA AVE,0460,BATTERY,SIMPLE,SCHOOL - PUBLIC GROUNDS,False,False,1621,16,45,12,08B,1139575.0,1942878.0,2025,2025-10-25T15:43:27.000,41.999368114,-87.7618988,"
,  
(41.999368114, -87.7618988)"
343,14003343,JJ458379,2025-10-17T15:30:00.000,008XX W 122ND ST,0460,BATTERY,SIMPLE,SIDEWALK,False,False,524,5,21,53,08B,1173027.0,1823952.0,2025,2025-10-25T15:43:27.000,41.672346354,-87.642357425,"
,  
(41.672346354, -87.642357425)"
344,14000677,JJ455249,2025-10-17T15:28:00.000,063XX N LINCOLN AVE,0810,THEFT,OVER $500,SIDEWALK,False,False,1711,17,50,13,06,1151882.0,1941769.0,2025,2025-10-25T15:43:27.000,41.996090657,-87.716653658,"
,  
(41.996090657, -87.716653658)"
345,28919,JJ455198,2025-10-17T15:28:00.000,015XX S HOMAN AVE,0110,HOMICIDE,FIRST DEGREE MURDER,YARD,False,False,1021,10,24,29,01A,1153948.0,1892323.0,2025,2025-10-25T15:43:27.000,41.860365804,-87.710375253,"
,  
(41.860365804, -87.710375253)"
346,14000763,JJ455343,2025-10-17T15:26:00.000,049XX W FERDINAND ST,1822,NARCOTICS,MANUFACTURE / DELIVER - CANNABIS OVER 10 GRAMS,STREET,True,False,1532,15,37,25,18,1143327.0,1902878.0,2025,2025-10-25T15:43:27.000,41.889534902,-87.749098991,"
,  
(41.889534902, -87.749098991)"
347,14000799,JJ455305,2025-10-17T15:22:00.000,009XX W RANDOLPH ST,0860,THEFT,RETAIL THEFT,DEPARTMENT STORE,False,False,1224,12,27,28,06,1169980.0,1901223.0,2025,2025-10-25T15:43:27.000,41.884453785,-87.651266342,"
,  
(41.884453785, -87.651266342)"
348,14000685,JJ455304,2025-10-17T15:17:00.000,039XX W 44TH ST,502P,OTHER OFFENSE,FALSE / STOLEN / ALTERED TRP,STREET,False,False,821,8,14,57,26,1150697.0,1875177.0,2025,2025-10-25T15:43:27.000,41.813379056,-87.722756344,"
,  
(41.813379056, -87.722756344)"
349,14000754,JJ455320,2025-10-17T15:09:00.000,019XX E 71ST PL,0460,BATTERY,SIMPLE,STREET,False,False,333,3,5,43,08B,1190562.0,1857968.0,2025,2025-10-25T15:43:27.000,41.765286035,-87.577086035,"
,  
(41.765286035, -87.577086035)"
350,14000791,JJ455286,2025-10-17T15:05:00.000,063XX S STEWART AVE,0461,BATTERY,"AGGRAVATED P.O. - HANDS, FISTS, FEET, SERIOUS INJURY",SIDEWALK,True,False,722,7,20,68,04B,1174711.0,1862989.0,2025,2025-10-25T15:43:27.000,41.779431965,-87.635034937,"
,  
(41.779431965, -87.635034937)"
351,14001986,JJ455953,2025-10-17T15:04:00.000,0000X W CHICAGO AVE,0860,THEFT,RETAIL THEFT,CONVENIENCE STORE,False,False,1832,18,42,8,06,1176106.0,1905725.0,2025,2025-10-25T15:43:27.000,41.896671699,-87.628635323,"
,  
(41.896671699, -87.628635323)"
352,14001374,JJ456010,2025-10-17T15:00:00.000,043XX N RICHMOND ST,1320,CRIMINAL DAMAGE,TO VEHICLE,RESIDENCE - GARAGE,False,False,1724,17,33,16,14,1155934.0,1928715.0,2025,2025-10-25T15:43:27.000,41.960188762,-87.702102003,"
,  
(41.960188762, -87.702102003)"
353,14000669,JJ455242,2025-10-17T15:00:00.000,0000X N MICHIGAN AVE,0820,THEFT,$500 AND UNDER,RESTAURANT,False,False,112,1,34,32,06,1177309.0,1900530.0,2025,2025-10-25T15:43:27.000,41.882389156,-87.624374606,"
,  
(41.882389156, -87.624374606)"
354,14000958,JJ455644,2025-10-17T15:00:00.000,030XX N KARLOV AVE,1320,CRIMINAL DAMAGE,TO VEHICLE,STREET,False,False,2523,25,31,21,14,1148527.0,1919881.0,2025,2025-10-25T15:43:27.000,41.936094051,-87.729562647,"
,  
(41.936094051, -87.729562647)"
355,14003564,JJ458561,2025-10-17T15:00:00.000,015XX W 111TH ST,0460,BATTERY,SIMPLE,GAS STATION,False,False,2234,22,21,75,08B,1167783.0,1831117.0,2025,2025-10-25T15:43:27.000,41.692122131,-87.661346081,"
,  
(41.692122131, -87.661346081)"
356,14003728,JJ459063,2025-10-17T15:00:00.000,115XX S AVENUE L,0460,BATTERY,SIMPLE,PARK PROPERTY,False,False,433,4,10,52,08B,1201911.0,1828996.0,2025,2025-10-25T15:43:27.000,41.685503391,-87.536472467,"
,  
(41.685503391, -87.536472467)"
357,14000742,JJ455427,2025-10-17T15:00:00.000,012XX N ARTESIAN AVE,0710,THEFT,THEFT FROM MOTOR VEHICLE,STREET,False,False,1423,14,26,24,06,1159851.0,1908119.0,2025,2025-10-25T15:43:27.000,41.903591885,-87.688270928,"
,  
(41.903591885, -87.688270928)"
358,14003817,JJ459024,2025-10-17T15:00:00.000,018XX S BLUE ISLAND AVE,0460,BATTERY,SIMPLE,STREET,True,False,1233,12,25,31,08B,1167210.0,1891271.0,2025,2025-10-25T15:43:27.000,41.857204651,-87.661724024,"
,  
(41.857204651, -87.661724024)"
359,14001464,JJ456175,2025-10-17T15:00:00.000,022XX W TOUHY AVE,0820,THEFT,$500 AND UNDER,RESIDENCE,False,False,2411,24,49,2,06,1159983.0,1947715.0,2025,2025-10-25T15:43:27.000,42.01224271,-87.686688529,"
,  
(42.01224271, -87.686688529)"
360,14003285,JJ458266,2025-10-17T15:00:00.000,010XX W WILSON AVE,0460,BATTERY,SIMPLE,SIDEWALK,False,False,1914,19,46,3,08B,1168668.0,1930721.0,2025,2025-10-25T15:43:27.000,41.965426344,-87.655227542,"
,  
(41.965426344, -87.655227542)"
361,14003417,JJ458383,2025-10-17T15:00:00.000,032XX W ADAMS ST,0460,BATTERY,SIMPLE,SCHOOL - PUBLIC GROUNDS,False,False,1124,11,28,27,08B,1154752.0,1898890.0,2025,2025-10-25T15:43:27.000,41.878370307,-87.707248137,"
,  
(41.878370307, -87.707248137)"
362,14002023,JJ455222,2025-10-17T14:54:00.000,012XX S ASHLAND AVE,0460,BATTERY,SIMPLE,STREET,False,False,1233,12,28,28,08B,1165915.0,1894701.0,2025,2025-10-25T15:43:27.000,41.866644572,-87.666379591,"
,  
(41.866644572, -87.666379591)"
363,14000765,JJ455285,2025-10-17T14:53:00.000,057XX N NAGLE AVE,0460,BATTERY,SIMPLE,GAS STATION,True,False,1612,16,41,10,08B,1132598.0,1937755.0,2025,2025-10-25T15:43:27.000,41.985435056,-87.787685839,"
,  
(41.985435056, -87.787685839)"
364,14001996,JJ455946,2025-10-17T14:53:00.000,025XX W CERMAK RD,0860,THEFT,RETAIL THEFT,OTHER (SPECIFY),False,False,1023,10,28,31,06,1159898.0,1889319.0,2025,2025-10-25T15:43:27.000,41.852001972,-87.688617027,"
,  
(41.852001972, -87.688617027)"
365,14000733,JJ455349,2025-10-17T14:46:00.000,067XX S WINCHESTER AVE,1822,NARCOTICS,MANUFACTURE / DELIVER - CANNABIS OVER 10 GRAMS,RESIDENCE,True,False,726,7,16,67,18,1164518.0,1859966.0,2025,2025-10-25T15:43:27.000,41.771357512,-87.672488834,"
,  
(41.771357512, -87.672488834)"
366,14003252,JJ458264,2025-10-17T14:45:00.000,009XX W WILSON AVE,0460,BATTERY,SIMPLE,SCHOOL - PUBLIC GROUNDS,False,False,1914,19,46,3,08B,1169275.0,1930737.0,2025,2025-10-25T15:43:27.000,41.965457044,-87.652995284,"
,  
(41.965457044, -87.652995284)"
367,14001771,JJ456493,2025-10-17T14:45:00.000,001XX E 46TH ST,2826,OTHER OFFENSE,HARASSMENT BY ELECTRONIC MEANS,SCHOOL - PUBLIC BUILDING,False,False,215,2,3,38,26,1178081.0,1874560.0,2025,2025-10-25T15:43:27.000,41.811108127,-87.622329362,"
,  
(41.811108127, -87.622329362)"
368,14000699,JJ455267,2025-10-17T14:45:00.000,093XX S INDIANA AVE,0460,BATTERY,SIMPLE,SCHOOL - PUBLIC GROUNDS,True,False,633,6,6,49,08B,1179236.0,1843023.0,2025,2025-10-25T15:43:27.000,41.724540965,-87.619053573,"
,  
(41.724540965, -87.619053573)"
369,14001043,JJ455251,2025-10-17T14:43:00.000,075XX S KINGSTON AVE,1812,NARCOTICS,POSSESS - CANNABIS MORE THAN 30 GRAMS,SIDEWALK,False,False,421,4,7,43,18,1194502.0,1855532.0,2025,2025-10-25T15:43:27.000,41.758505506,-87.562724995,"
,  
(41.758505506, -87.562724995)"
370,14000901,JJ455216,2025-10-17T14:43:00.000,045XX N MC VICKER AVE,0820,THEFT,$500 AND UNDER,RESIDENCE - YARD (FRONT / BACK),False,False,1622,16,38,15,06,1135193.0,1929665.0,2025,2025-10-25T15:43:27.000,41.963189592,-87.778334215,"
,  
(41.963189592, -87.778334215)"
371,14001789,JJ455557,2025-10-17T14:40:00.000,050XX S CORNELL AVE,0460,BATTERY,SIMPLE,GAS STATION,False,False,222,2,5,39,08B,1187888.0,1871685.0,2025,2025-10-25T15:43:27.000,41.802990653,-87.586450191,"
,  
(41.802990653, -87.586450191)"
372,14005010,JJ460326,2025-10-17T14:40:00.000,058XX S KENWOOD AVE,1130,DECEPTIVE PRACTICE,FRAUD OR CONFIDENCE GAME,SIDEWALK,False,False,235,2,5,41,11,1186098.0,1866747.0,2025,2025-10-25T15:43:27.000,41.789482898,-87.593170773,"
,  
(41.789482898, -87.593170773)"
373,14000682,JJ455223,2025-10-17T14:33:00.000,003XX W 63RD ST,3710,INTERFERENCE WITH PUBLIC OFFICER,RESIST / OBSTRUCT / DISARM OFFICER,SIDEWALK,True,False,722,7,20,68,24,1175036.0,1863173.0,2025,2025-10-25T15:43:27.000,41.779929633,-87.633837969,"
,  
(41.779929633, -87.633837969)"
374,14000737,JJ455183,2025-10-17T14:31:00.000,105XX S UNION AVE,041A,BATTERY,AGGRAVATED - HANDGUN,RESIDENCE,False,False,2233,22,21,49,04B,1173512.0,1834839.0,2025,2025-10-25T15:43:27.000,41.702211307,-87.640261739,"
,  
(41.702211307, -87.640261739)"
375,14000614,JJ455166,2025-10-17T14:30:00.000,028XX W FILLMORE ST,2027,NARCOTICS,POSSESS - CRACK,SIDEWALK,True,False,1135,11,28,29,18,1157759.0,1895253.0,2025,2025-10-25T15:43:27.000,41.868329295,-87.696306163,"
,  
(41.868329295, -87.696306163)"
376,14000790,JJ455333,2025-10-17T14:30:00.000,069XX N ASHLAND BLVD,0710,THEFT,THEFT FROM MOTOR VEHICLE,STREET,False,False,2431,24,49,1,06,1164531.0,1945882.0,2025,2025-10-25T15:43:27.000,42.00711743,-87.670006581,"
,  
(42.00711743, -87.670006581)"
377,14000930,JJ455332,2025-10-17T14:30:00.000,001XX N STATE ST,0860,THEFT,RETAIL THEFT,DEPARTMENT STORE,False,False,111,1,34,32,06,1176352.0,1900927.0,2025,2025-10-25T15:43:27.000,41.883500187,-87.627876698,"
,  
(41.883500187, -87.627876698)"
378,14004596,JJ459916,2025-10-17T14:30:00.000,009XX W SCHOOL ST,0890,THEFT,FROM BUILDING,OTHER (SPECIFY),False,False,1924,19,44,6,06,1169412.0,1922102.0,2025,2025-10-25T15:43:27.000,41.941759303,-87.652743702,"
,  
(41.941759303, -87.652743702)"
379,14000697,JJ455229,2025-10-17T14:30:00.000,092XX S LEAVITT ST,0560,ASSAULT,SIMPLE,STREET,False,False,2221,22,19,72,08A,1163323.0,1843115.0,2025,2025-10-25T15:43:27.000,41.725140977,-87.677340237,"
,  
(41.725140977, -87.677340237)"
380,14000788,JJ455346,2025-10-17T14:26:00.000,066XX S STEWART AVE,0820,THEFT,$500 AND UNDER,PARKING LOT / GARAGE (NON RESIDENTIAL),False,False,722,7,6,68,06,1174774.0,1860737.0,2025,2025-10-25T15:43:27.000,41.773250823,-87.634871029,"
,  
(41.773250823, -87.634871029)"
381,14000838,JJ455219,2025-10-17T14:23:00.000,081XX S DOBSON AVE,1310,CRIMINAL DAMAGE,TO PROPERTY,RESIDENCE,False,False,631,6,8,44,14,1184640.0,1851256.0,2025,2025-10-25T15:43:27.000,41.747008466,-87.599001679,"
,  
(41.747008466, -87.599001679)"
382,14000660,JJ455180,2025-10-17T14:22:00.000,057XX S STATE ST,1822,NARCOTICS,MANUFACTURE / DELIVER - CANNABIS OVER 10 GRAMS,STREET,True,False,232,2,20,40,18,1177250.0,1867135.0,2025,2025-10-25T15:43:27.000,41.790752055,-87.625601621,"
,  
(41.790752055, -87.625601621)"
383,14001140,JJ455235,2025-10-17T14:10:00.000,005XX S FINANCIAL PL,0810,THEFT,OVER $500,PARKING LOT / GARAGE (NON RESIDENTIAL),False,False,123,1,34,32,06,1174962.0,1897904.0,2025,2025-10-25T15:43:27.000,41.875236133,-87.633071401,"
,  
(41.875236133, -87.633071401)"
384,14000839,JJ455257,2025-10-17T14:09:00.000,066XX S HARTWELL AVE,1310,CRIMINAL DAMAGE,TO PROPERTY,RESIDENCE,False,False,322,3,6,69,14,1178415.0,1860945.0,2025,2025-10-25T15:43:27.000,41.773739677,-87.62151777,"
,  
(41.773739677, -87.62151777)"
385,14005899,JJ461538,2025-10-17T14:05:00.000,021XX E 87TH ST,0460,BATTERY,SIMPLE,SCHOOL - PUBLIC BUILDING,False,False,412,4,8,45,08B,1191768.0,1847705.0,2025,2025-10-25T15:43:27.000,41.737094305,-87.572998178,"
,  
(41.737094305, -87.572998178)"
386,14000888,JJ455173,2025-10-17T14:05:00.000,0000X S STATE ST,0860,THEFT,RETAIL THEFT,DEPARTMENT STORE,True,False,112,1,34,32,06,1176389.0,1900278.0,2025,2025-10-25T15:43:27.000,41.88171846,-87.627760426,"
,  
(41.88171846, -87.627760426)"
387,14000800,JJ455329,2025-10-17T14:00:00.000,034XX W GRENSHAW ST,0910,MOTOR VEHICLE THEFT,AUTOMOBILE,STREET,False,False,1133,11,24,29,07,1153636.0,1894846.0,2025,2025-10-25T15:43:27.000,41.867295404,-87.711453447,"
,  
(41.867295404, -87.711453447)"
388,14001219,JJ455722,2025-10-17T14:00:00.000,052XX W MADISON ST,1150,DECEPTIVE PRACTICE,CREDIT CARD FRAUD,DRUG STORE,False,False,1522,15,37,25,11,1141512.0,1899523.0,2025,2025-10-25T15:43:27.000,41.880362084,-87.755847438,"
,  
(41.880362084, -87.755847438)"
389,14004191,JJ459467,2025-10-17T14:00:00.000,048XX W FULLERTON AVE,0820,THEFT,$500 AND UNDER,CTA BUS STOP,False,False,2521,25,31,19,06,1143835.0,1915525.0,2025,2025-10-25T15:43:27.000,41.924230143,-87.746915859,"
,  
(41.924230143, -87.746915859)"
390,14001080,JJ455671,2025-10-17T14:00:00.000,064XX S RICHARDS DR,0910,MOTOR VEHICLE THEFT,AUTOMOBILE,PARKING LOT / GARAGE (NON RESIDENTIAL),False,False,331,3,5,42,07,1189894.0,1862705.0,2025,2025-10-25T15:43:27.000,41.778300831,-87.579382212,"
,  
(41.778300831, -87.579382212)"
391,14003411,JJ458583,2025-10-17T14:00:00.000,010XX N ROCKWELL ST,0820,THEFT,$500 AND UNDER,STREET,False,False,1211,12,36,24,06,1158880.0,1906737.0,2025,2025-10-25T15:43:27.000,41.899819543,-87.691875595,"
,  
(41.899819543, -87.691875595)"
392,14006723,JJ462570,2025-10-17T14:00:00.000,042XX W BELMONT AVE,0620,BURGLARY,UNLAWFUL ENTRY,RESIDENCE - GARAGE,False,False,1731,17,30,16,05,1147505.0,1920937.0,2025,2025-10-25T15:43:27.000,41.939011497,-87.733291461,"
,  
(41.939011497, -87.733291461)"
393,14004981,JJ460261,2025-10-17T13:53:00.000,047XX N WINTHROP AVE,0890,THEFT,FROM BUILDING,APARTMENT,False,False,1914,19,46,3,06,1168010.0,1931673.0,2025,2025-10-25T15:43:27.000,41.968052927,-87.657619242,"
,  
(41.968052927, -87.657619242)"
394,14000711,JJ455158,2025-10-17T13:52:00.000,078XX S CHAPPEL AVE,2820,OTHER OFFENSE,TELEPHONE THREAT,RESIDENCE,False,False,414,4,8,43,08A,1191228.0,1853451.0,2025,2025-10-25T15:43:27.000,41.752874919,-87.574790969,"
,  
(41.752874919, -87.574790969)"
395,14001393,JJ455140,2025-10-17T13:52:00.000,009XX W IRVING PARK RD,0560,ASSAULT,SIMPLE,DRUG STORE,False,False,1923,19,46,6,08A,1169204.0,1926746.0,2025,2025-10-25T15:43:27.000,41.954507152,-87.653372774,"
,  
(41.954507152, -87.653372774)"
396,14000904,JJ455301,2025-10-17T13:50:00.000,042XX W 21ST PL,0560,ASSAULT,SIMPLE,RESIDENCE - PORCH / HALLWAY,False,False,1012,10,24,29,08A,1148374.0,1889417.0,2025,2025-10-25T15:43:27.000,41.852500536,-87.730911032,"
,  
(41.852500536, -87.730911032)"
397,14000732,JJ455351,2025-10-17T13:50:00.000,008XX E 103RD ST,0460,BATTERY,SIMPLE,SCHOOL - PUBLIC BUILDING,False,False,512,5,9,50,08B,1183988.0,1836860.0,2025,2025-10-25T15:43:27.000,41.707519433,-87.601839023,"
,  
(41.707519433, -87.601839023)"
398,14000724,JJ455141,2025-10-17T13:50:00.000,005XX N MICHIGAN AVE,0460,BATTERY,SIMPLE,SIDEWALK,False,False,1834,18,42,8,08B,1177347.0,1903741.0,2025,2025-10-25T15:43:27.000,41.891199446,-87.624137626,"
,  
(41.891199446, -87.624137626)"
399,14004356,JJ459668,2025-10-17T13:45:00.000,093XX S CALUMET AVE,2820,OTHER OFFENSE,TELEPHONE THREAT,RESIDENCE,False,True,633,6,6,49,08A,1180224.0,1843135.0,2025,2025-10-25T15:43:27.000,41.724825754,-87.615431147,"
,  
(41.724825754, -87.615431147)"
400,14005018,JJ459500,2025-10-17T13:45:00.000,061XX S UNIVERSITY AVE,0820,THEFT,$500 AND UNDER,SIDEWALK,False,False,314,3,20,42,06,1184827.0,1864606.0,2025,2025-10-25T15:43:27.000,41.783637746,-87.597898219,"
,  
(41.783637746, -87.597898219)"
401,14000710,JJ455247,2025-10-17T13:43:00.000,003XX W 119TH ST,1310,CRIMINAL DAMAGE,TO PROPERTY,STREET,True,False,522,5,21,53,14,1176315.0,1826018.0,2025,2025-10-25T15:43:27.000,41.677942802,-87.630261604,"
,  
(41.677942802, -87.630261604)"
402,14000667,JJ455116,2025-10-17T13:43:00.000,085XX S COTTAGE GROVE AVE,0860,THEFT,RETAIL THEFT,SMALL RETAIL STORE,True,False,632,6,6,44,06,1183050.0,1848589.0,2025,2025-10-25T15:43:27.000,41.739727015,-87.604910522,"
,  
(41.739727015, -87.604910522)"
403,14000572,JJ455143,2025-10-17T13:42:00.000,032XX W CHICAGO AVE,2024,NARCOTICS,POSSESS - HEROIN (WHITE),SIDEWALK,True,False,1121,11,27,23,18,1154433.0,1905144.0,2025,2025-10-25T15:43:27.000,41.895538282,-87.708252168,"
,  
(41.895538282, -87.708252168)"
404,14000694,JJ455290,2025-10-17T13:40:00.000,024XX W 63RD ST,0430,BATTERY,AGGRAVATED - OTHER DANGEROUS WEAPON,STREET,False,False,825,8,16,66,04B,1161032.0,1862810.0,2025,2025-10-25T15:43:27.000,41.77923464,-87.685188795,"
,  
(41.77923464, -87.685188795)"
405,14006376,JJ462120,2025-10-17T13:36:00.000,100XX S LAFAYETTE AVE,2825,OTHER OFFENSE,HARASSMENT BY TELEPHONE,RESIDENCE,False,False,511,5,9,49,26,1177696.0,1838450.0,2025,2025-10-25T15:43:27.000,41.712026971,-87.624832388,"
,  
(41.712026971, -87.624832388)"
406,14000618,JJ455179,2025-10-17T13:30:00.000,055XX N NAGLE AVE,0486,BATTERY,DOMESTIC BATTERY SIMPLE,VEHICLE NON-COMMERCIAL,False,True,1613,16,41,10,08B,1132588.0,1936562.0,2025,2025-10-25T15:43:27.000,41.982161529,-87.787750568,"
,  
(41.982161529, -87.787750568)"
407,14000636,JJ455213,2025-10-17T13:30:00.000,100XX S MICHIGAN AVE,2820,OTHER OFFENSE,TELEPHONE THREAT,RESIDENCE,False,False,511,5,9,49,08A,1179020.0,1838267.0,2025,2025-10-25T15:43:27.000,41.711494797,-87.619989117,"
,  
(41.711494797, -87.619989117)"
408,14000610,JJ455122,2025-10-17T13:30:00.000,020XX N MILWAUKEE AVE,0860,THEFT,RETAIL THEFT,SMALL RETAIL STORE,False,False,1431,14,1,22,06,1159682.0,1913243.0,2025,2025-10-25T15:43:27.000,41.917656022,-87.688750258,"
,  
(41.917656022, -87.688750258)"
409,14000664,JJ455184,2025-10-17T13:30:00.000,021XX W SUPERIOR ST,0820,THEFT,$500 AND UNDER,APARTMENT,False,False,1221,12,36,24,06,1161981.0,1904981.0,2025,2025-10-25T15:43:27.000,41.89493675,-87.680534664,"
,  
(41.89493675, -87.680534664)"
410,14000957,JJ455367,2025-10-17T13:30:00.000,016XX E 95TH ST,1130,DECEPTIVE PRACTICE,FRAUD OR CONFIDENCE GAME,PARKING LOT / GARAGE (NON RESIDENTIAL),False,False,431,4,7,51,11,1188861.0,1842311.0,2025,2025-10-25T15:43:27.000,41.722362598,-87.58382047,"
,  
(41.722362598, -87.58382047)"
411,14003485,JJ455130,2025-10-17T13:30:00.000,011XX N LAVERGNE AVE,0460,BATTERY,SIMPLE,NURSING / RETIREMENT HOME,False,False,1531,15,37,25,08B,1142821.0,1907169.0,2025,2025-10-25T15:43:27.000,41.901319345,-87.750850275,"
,  
(41.901319345, -87.750850275)"
412,14005742,JJ461498,2025-10-17T13:30:00.000,092XX S HARPER AVE,1310,CRIMINAL DAMAGE,TO PROPERTY,RESIDENCE,False,False,413,4,8,48,14,1188061.0,1844044.0,2025,2025-10-25T15:43:27.000,41.727137211,-87.586695663,"
,  
(41.727137211, -87.586695663)"
413,14001311,JJ455155,2025-10-17T13:30:00.000,070XX S JEFFERY BLVD,0520,ASSAULT,AGGRAVATED - KNIFE / CUTTING INSTRUMENT,APARTMENT,False,True,332,3,5,43,04A,1190762.0,1858684.0,2025,2025-10-25T15:43:27.000,41.767245969,-87.57632989,"
,  
(41.767245969, -87.57632989)"
414,14002802,JJ457096,2025-10-17T13:24:00.000,010XX W NORTH AVE,0860,THEFT,RETAIL THEFT,DEPARTMENT STORE,False,False,1811,18,2,7,06,1169336.0,1910832.0,2025,2025-10-25T15:43:27.000,41.910835515,-87.653351515,"
,  
(41.910835515, -87.653351515)"
415,14004291,JJ459573,2025-10-17T13:17:00.000,006XX N ARMOUR ST,1310,CRIMINAL DAMAGE,TO PROPERTY,RESIDENCE,False,False,1215,12,1,24,14,1166055.0,1904534.0,2025,2025-10-25T15:43:27.000,41.893624116,-87.665584776,"
,  
(41.893624116, -87.665584776)"
416,14000574,JJ455108,2025-10-17T13:12:00.000,076XX S CICERO AVE,0860,THEFT,RETAIL THEFT,SMALL RETAIL STORE,False,False,833,8,18,65,06,1145727.0,1853720.0,2025,2025-10-25T15:43:27.000,41.754592961,-87.741528537,"
,  
(41.754592961, -87.741528537)"
417,14004893,JJ460442,2025-10-17T13:11:00.000,051XX S HYDE PARK BLVD,0890,THEFT,FROM BUILDING,APARTMENT,False,False,234,2,5,41,06,1188373.0,1871076.0,2025,2025-10-25T15:43:27.000,41.801307936,-87.584690956,"
,  
(41.801307936, -87.584690956)"
418,14000903,JJ455445,2025-10-17T13:06:00.000,047XX S LAPORTE AVE,0910,MOTOR VEHICLE THEFT,AUTOMOBILE,VEHICLE NON-COMMERCIAL,False,False,814,8,22,56,07,1144155.0,1872850.0,2025,2025-10-25T15:43:27.000,41.807118452,-87.746811357,"
,  
(41.807118452, -87.746811357)"
419,14000659,JJ455245,2025-10-17T13:05:00.000,056XX N LINCOLN AVE,2024,NARCOTICS,POSSESS - HEROIN (WHITE),APARTMENT,True,False,2011,20,40,2,18,1157660.0,1937177.0,2025,2025-10-25T15:43:27.000,41.983373861,-87.695524775,"
,  
(41.983373861, -87.695524775)"
420,14000652,JJ455093,2025-10-17T13:03:00.000,052XX W CHICAGO AVE,2012,NARCOTICS,MANUFACTURE / DELIVER - COCAINE,PARKING LOT / GARAGE (NON RESIDENTIAL),True,False,1524,15,37,25,18,1141371.0,1904829.0,2025,2025-10-25T15:43:27.000,41.894925002,-87.756234153,"
,  
(41.894925002, -87.756234153)"
421,14005308,JJ460749,2025-10-17T13:00:00.000,001XX W 104TH PL,2820,OTHER OFFENSE,TELEPHONE THREAT,RESIDENCE,False,False,512,5,9,49,08A,1177174.0,1835662.0,2025,2025-10-25T15:43:27.000,41.704388082,-87.626827858,"
,  
(41.704388082, -87.626827858)"
422,14004638,JJ459960,2025-10-17T13:00:00.000,005XX N ALBANY AVE,1310,CRIMINAL DAMAGE,TO PROPERTY,RESIDENCE,False,False,1221,12,27,23,14,1155615.0,1903496.0,2025,2025-10-25T15:43:27.000,41.890992303,-87.70395534,"
,  
(41.890992303, -87.70395534)"
423,14001430,JJ456062,2025-10-17T13:00:00.000,035XX W 13TH PL,0810,THEFT,OVER $500,RESIDENCE,False,False,1021,10,24,29,06,1152965.0,1893676.0,2025,2025-10-25T15:43:27.000,41.864098105,-87.713947792,"
,  
(41.864098105, -87.713947792)"
424,14001596,JJ456314,2025-10-17T13:00:00.000,008XX S BISHOP ST,1320,CRIMINAL DAMAGE,TO VEHICLE,ALLEY,False,True,1231,12,28,28,14,1166851.0,1896136.0,2025,2025-10-25T15:43:27.000,41.870562325,-87.6629023,"
,  
(41.870562325, -87.6629023)"
425,14000538,JJ455080,2025-10-17T13:00:00.000,062XX S INDIANA AVE,0530,ASSAULT,AGGRAVATED - OTHER DANGEROUS WEAPON,APARTMENT,False,False,311,3,20,40,04A,1178697.0,1863752.0,2025,2025-10-25T15:43:27.000,41.781435962,-87.620398718,"
,  
(41.781435962, -87.620398718)"
426,14003997,JJ458726,2025-10-17T13:00:00.000,054XX S INGLESIDE AVE,0890,THEFT,FROM BUILDING,APARTMENT,False,False,233,2,20,41,06,1183454.0,1869517.0,2025,2025-10-25T15:43:27.000,41.797146064,-87.602779061,"
,  
(41.797146064, -87.602779061)"
427,14000657,JJ455269,2025-10-17T13:00:00.000,034XX W 66TH ST,1220,DECEPTIVE PRACTICE,THEFT OF LOST / MISLAID PROPERTY,SIDEWALK,False,False,831,8,14,66,11,1154666.0,1860645.0,2025,2025-10-25T15:43:27.000,41.77342285,-87.708585073,"
,  
(41.77342285, -87.708585073)"
428,14000714,JJ455175,2025-10-17T13:00:00.000,001XX S WASHTENAW AVE,4255,KIDNAPPING,UNLAWFUL VISITATION INTERFERENCE,APARTMENT,False,True,1125,11,27,27,26,1158379.0,1899399.0,2025,2025-10-25T15:43:27.000,41.879693675,-87.693916622,"
,  
(41.879693675, -87.693916622)"
429,14007696,JJ463730,2025-10-17T13:00:00.000,088XX S DORCHESTER AVE,0820,THEFT,$500 AND UNDER,VEHICLE NON-COMMERCIAL,False,False,412,4,8,48,06,,,2025,2025-10-25T15:43:27.000,,,
430,14000585,JJ455162,2025-10-17T13:00:00.000,025XX N NORMANDY AVE,0910,MOTOR VEHICLE THEFT,AUTOMOBILE,STREET,False,False,2512,25,36,18,07,1131321.0,1916235.0,2025,2025-10-25T15:43:27.000,41.926404101,-87.792881805,"
,  
(41.926404101, -87.792881805)"
431,14006791,JJ462395,2025-10-17T13:00:00.000,076XX S MARSHFIELD AVE,0486,BATTERY,DOMESTIC BATTERY SIMPLE,RESIDENCE,False,True,611,6,17,71,08B,1166667.0,1854133.0,2025,2025-10-25T15:43:27.000,41.755305393,-87.664777512,"
,  
(41.755305393, -87.664777512)"
432,14000672,JJ455282,2025-10-17T13:00:00.000,054XX S DORCHESTER AVE,1130,DECEPTIVE PRACTICE,FRAUD OR CONFIDENCE GAME,STREET,False,False,234,2,5,41,11,1186466.0,1869575.0,2025,2025-10-25T15:43:27.000,41.797234446,-87.591732001,"
,  
(41.797234446, -87.591732001)"
433,14000582,JJ455094,2025-10-17T12:59:00.000,003XX W HUBBARD ST,0860,THEFT,RETAIL THEFT,DRUG STORE,True,False,1831,18,42,8,06,1173716.0,1903251.0,2025,2025-10-25T15:43:27.000,41.889936436,-87.637486992,"
,  
(41.889936436, -87.637486992)"
434,14000573,JJ455101,2025-10-17T12:59:00.000,001XX N STATE ST,0560,ASSAULT,SIMPLE,COMMERCIAL / BUSINESS OFFICE,False,False,111,1,34,32,08A,1176352.0,1900918.0,2025,2025-10-25T15:43:27.000,41.883475491,-87.627876969,"
,  
(41.883475491, -87.627876969)"
435,14003893,JJ458868,2025-10-17T12:55:00.000,007XX N ST LOUIS AVE,0498,BATTERY,"AGG. DOMESTIC BATTERY - HANDS, FISTS, FEET, SERIOUS INJURY",APARTMENT,False,True,1121,11,27,23,04B,1152917.0,1904612.0,2025,2025-10-25T15:43:27.000,41.894108595,-87.71383422,"
,  
(41.894108595, -87.71383422)"
436,14000689,JJ455151,2025-10-17T12:55:00.000,054XX N CHRISTIANA AVE,2022,NARCOTICS,POSSESS - COCAINE,ALLEY,True,False,1712,17,39,13,18,1153071.0,1935935.0,2025,2025-10-25T15:43:27.000,41.980058274,-87.712435432,"
,  
(41.980058274, -87.712435432)"
437,14000626,JJ455046,2025-10-17T12:51:00.000,025XX W FITCH AVE,0486,BATTERY,DOMESTIC BATTERY SIMPLE,APARTMENT,True,True,2411,24,50,2,08B,1158073.0,1947357.0,2025,2025-10-25T15:43:27.000,42.011299722,-87.693726174,"
,  
(42.011299722, -87.693726174)"
438,14000609,JJ455095,2025-10-17T12:50:00.000,046XX W NORTH AVE,0860,THEFT,RETAIL THEFT,DEPARTMENT STORE,True,False,2533,25,37,25,06,1145011.0,1910225.0,2025,2025-10-25T15:43:27.000,41.909664252,-87.742728815,"
,  
(41.909664252, -87.742728815)"
439,14001660,JJ456380,2025-10-17T12:45:00.000,022XX N CLYBOURN AVE,0710,THEFT,THEFT FROM MOTOR VEHICLE,PARKING LOT / GARAGE (NON RESIDENTIAL),False,False,1811,18,32,7,06,1165715.0,1915288.0,2025,2025-10-25T15:43:27.000,41.923141058,-87.666526442,"
,  
(41.923141058, -87.666526442)"
440,14000703,JJ455232,2025-10-17T12:45:00.000,028XX W BARRY AVE,0460,BATTERY,SIMPLE,SCHOOL - PUBLIC GROUNDS,False,False,1411,14,35,21,08B,1156856.0,1920476.0,2025,2025-10-25T15:43:27.000,41.937561729,-87.698936486,"
,  
(41.937561729, -87.698936486)"
441,14003250,JJ458294,2025-10-17T12:42:00.000,056XX S ABERDEEN ST,0560,ASSAULT,SIMPLE,STREET,False,False,712,7,16,68,08A,1169946.0,1867342.0,2025,2025-10-25T15:43:27.000,41.791481961,-87.652377544,"
,  
(41.791481961, -87.652377544)"
442,14003423,JJ458337,2025-10-17T12:40:00.000,056XX S WABASH AVE,0810,THEFT,OVER $500,RESIDENCE,False,False,225,2,20,40,06,1177678.0,1867623.0,2025,2025-10-25T15:43:27.000,41.792081496,-87.624017496,"
,  
(41.792081496, -87.624017496)"
443,14000558,JJ455065,2025-10-17T12:40:00.000,021XX S FAIRFIELD AVE,1330,CRIMINAL TRESPASS,TO LAND,OTHER (SPECIFY),True,False,1023,10,25,30,26,1158364.0,1889551.0,2025,2025-10-25T15:43:27.000,41.852670072,-87.6942409,"
,  
(41.852670072, -87.6942409)"
444,14000526,JJ455050,2025-10-17T12:38:00.000,003XX E 43RD ST,0560,ASSAULT,SIMPLE,STREET,False,False,213,2,3,38,08A,1178941.0,1876568.0,2025,2025-10-25T15:43:27.000,41.816598679,-87.619113763,"
,  
(41.816598679, -87.619113763)"
445,14000862,JJ455418,2025-10-17T12:30:00.000,008XX E 75TH ST,0820,THEFT,$500 AND UNDER,CURRENCY EXCHANGE,False,False,624,6,8,69,06,1182946.0,1855461.0,2025,2025-10-25T15:43:27.000,41.75858693,-87.605078455,"
,  
(41.75858693, -87.605078455)"
446,14000591,JJ455066,2025-10-17T12:30:00.000,039XX S DR MARTIN LUTHER KING JR DR,0810,THEFT,OVER $500,STREET,False,False,214,2,3,38,06,1179500.0,1879067.0,2025,2025-10-25T15:43:27.000,41.823443366,-87.616986813,"
,  
(41.823443366, -87.616986813)"
447,14001466,JJ456195,2025-10-17T12:30:00.000,056XX N GLENWOOD AVE,0620,BURGLARY,UNLAWFUL ENTRY,APARTMENT,False,False,2013,20,48,77,05,1165957.0,1937786.0,2025,2025-10-25T15:43:27.000,41.984871381,-87.664992577,"
,  
(41.984871381, -87.664992577)"
448,14000851,JJ455484,2025-10-17T12:30:00.000,007XX W 61ST ST,1365,CRIMINAL TRESPASS,TO RESIDENCE,APARTMENT,False,False,711,7,16,68,26,1172474.0,1864422.0,2025,2025-10-25T15:43:27.000,41.783413836,-87.64319384,"
,  
(41.783413836, -87.64319384)"
449,14002583,JJ457397,2025-10-17T12:30:00.000,033XX W 26TH ST,0820,THEFT,$500 AND UNDER,STREET,False,True,1024,10,25,30,06,1154621.0,1886537.0,2025,2025-10-25T15:43:27.000,41.844474926,-87.70805948,"
,  
(41.844474926, -87.70805948)"
450,14000506,JJ455038,2025-10-17T12:28:00.000,016XX N LECLAIRE AVE,2027,NARCOTICS,POSSESS - CRACK,ALLEY,True,False,2533,25,37,25,18,1142304.0,1910399.0,2025,2025-10-25T15:43:27.000,41.910192444,-87.75266898,"
,  
(41.910192444, -87.75266898)"
451,14000513,JJ455024,2025-10-17T12:26:00.000,008XX W 122ND ST,4650,OTHER OFFENSE,SEX OFFENDER - FAIL TO REGISTER,RESIDENCE,False,False,524,5,21,53,26,1172963.0,1823950.0,2025,2025-10-25T15:43:27.000,41.672342273,-87.642591725,"
,  
(41.672342273, -87.642591725)"
452,14001614,JJ455132,2025-10-17T12:25:00.000,008XX W GRACE ST,0486,BATTERY,DOMESTIC BATTERY SIMPLE,APARTMENT,False,True,1923,19,46,6,08B,1169978.0,1925542.0,2025,2025-10-25T15:43:27.000,41.951186446,-87.650562715,"
,  
(41.951186446, -87.650562715)"
453,14000508,JJ455043,2025-10-17T12:22:00.000,117XX S MARSHFIELD AVE,0860,THEFT,RETAIL THEFT,SMALL RETAIL STORE,False,False,2234,22,21,75,06,1167515.0,1826950.0,2025,2025-10-25T15:43:27.000,41.680692908,-87.662446079,"
,  
(41.680692908, -87.662446079)"
454,14000531,JJ455048,2025-10-17T12:15:00.000,032XX W 31ST ST,1360,CRIMINAL TRESPASS,TO VEHICLE,VEHICLE - COMMERCIAL,False,False,1032,10,22,30,26,1155287.0,1883896.0,2025,2025-10-25T15:43:27.000,41.837214374,-87.70568618,"
,  
(41.837214374, -87.70568618)"
455,14000649,JJ455227,2025-10-17T12:14:00.000,016XX N MAPLEWOOD AVE,0820,THEFT,$500 AND UNDER,RESIDENCE - PORCH / HALLWAY,False,False,1434,14,1,24,06,1159116.0,1910757.0,2025,2025-10-25T15:43:27.000,41.910845902,-87.69089818,"
,  
(41.910845902, -87.69089818)"
456,14000495,JJ455051,2025-10-17T12:13:00.000,035XX W AINSLIE ST,1477,WEAPONS VIOLATION,RECKLESS FIREARM DISCHARGE,RESIDENCE - YARD (FRONT / BACK),False,False,1712,17,33,14,15,1151993.0,1932330.0,2025,2025-10-25T15:43:27.000,41.970187308,-87.716495394,"
,  
(41.970187308, -87.716495394)"
457,14000565,JJ455056,2025-10-17T12:09:00.000,005XX S CENTRAL PARK AVE,143A,WEAPONS VIOLATION,UNLAWFUL POSSESSION - HANDGUN,STREET,True,False,1133,11,28,27,15,1152466.0,1897407.0,2025,2025-10-25T15:43:27.000,41.874346249,-87.715681066,"
,  
(41.874346249, -87.715681066)"
458,14000828,JJ455121,2025-10-17T12:07:00.000,098XX S DOBSON AVE,2825,OTHER OFFENSE,HARASSMENT BY TELEPHONE,RESIDENCE,False,False,511,5,8,50,26,1184950.0,1839961.0,2025,2025-10-25T15:43:27.000,41.716006471,-87.598219249,"
,  
(41.716006471, -87.598219249)"
459,14000871,JJ455342,2025-10-17T12:00:00.000,001XX W JACKSON BLVD,0890,THEFT,FROM BUILDING,RESTAURANT,False,False,122,1,34,32,06,1175454.0,1898968.0,2025,2025-10-25T15:43:27.000,41.878144785,-87.631233035,"
,  
(41.878144785, -87.631233035)"
460,14000876,JJ455348,2025-10-17T12:00:00.000,082XX S HERMITAGE AVE,1310,CRIMINAL DAMAGE,TO PROPERTY,APARTMENT,False,False,614,6,17,71,14,1166113.0,1850029.0,2025,2025-10-25T15:43:27.000,41.744055229,-87.666924271,"
,  
(41.744055229, -87.666924271)"
461,14004757,JJ460289,2025-10-17T12:00:00.000,044XX S WALLACE ST,1130,DECEPTIVE PRACTICE,FRAUD OR CONFIDENCE GAME,COMMERCIAL / BUSINESS OFFICE,False,False,925,9,15,61,11,1173035.0,1875585.0,2025,2025-10-25T15:43:27.000,41.814033895,-87.640807301,"
,  
(41.814033895, -87.640807301)"
462,14000826,JJ455447,2025-10-17T12:00:00.000,005XX S CENTRAL AVE,4387,OTHER OFFENSE,VIOLATE ORDER OF PROTECTION,PARK PROPERTY,False,True,1513,15,29,25,26,1139141.0,1897035.0,2025,2025-10-25T15:43:27.000,41.873578134,-87.764614167,"
,  
(41.873578134, -87.764614167)"
463,14004529,JJ459803,2025-10-17T12:00:00.000,019XX W DEVON AVE,0820,THEFT,$500 AND UNDER,APARTMENT,False,False,2412,24,50,2,06,1162247.0,1942516.0,2025,2025-10-25T15:43:27.000,41.997929286,-87.678504523,"
,  
(41.997929286, -87.678504523)"
464,14000916,JJ455371,2025-10-17T12:00:00.000,018XX N MULLIGAN AVE,0810,THEFT,OVER $500,STREET,False,False,2513,25,29,25,06,1133910.0,1911536.0,2025,2025-10-25T15:43:27.000,41.913464308,-87.783478966,"
,  
(41.913464308, -87.783478966)"
465,14000581,JJ455103,2025-10-17T12:00:00.000,041XX N CALIFORNIA AVE,0760,BURGLARY,BURGLARY FROM MOTOR VEHICLE,PARK PROPERTY,False,False,1724,17,33,16,06,1156976.0,1927290.0,2025,2025-10-25T15:43:27.000,41.95625735,-87.698309927,"
,  
(41.95625735, -87.698309927)"
466,14002465,JJ456040,2025-10-17T12:00:00.000,028XX W JACKSON BLVD,0560,ASSAULT,SIMPLE,APARTMENT,False,True,1124,11,27,27,08A,1157560.0,1898567.0,2025,2025-10-25T15:43:27.000,41.877427291,-87.696946533,"
,  
(41.877427291, -87.696946533)"
467,14001150,JJ455732,2025-10-17T12:00:00.000,054XX W NORTH AVE,0560,ASSAULT,SIMPLE,STREET,False,False,2532,25,37,25,08A,1139787.0,1910101.0,2025,2025-10-25T15:43:27.000,41.909421084,-87.761922869,"
,  
(41.909421084, -87.761922869)"
468,14003681,JJ458940,2025-10-17T12:00:00.000,001XX W GOETHE ST,0917,MOTOR VEHICLE THEFT,"CYCLE, SCOOTER, BIKE WITH VIN",STREET,False,False,1821,18,2,8,07,1175202.0,1909035.0,2025,2025-10-25T15:43:27.000,41.905774831,-87.631856119,"
,  
(41.905774831, -87.631856119)"
469,14001809,JJ456318,2025-10-17T12:00:00.000,078XX S CREGIER AVE,0610,BURGLARY,FORCIBLE ENTRY,APARTMENT,False,False,414,4,8,43,05,1189564.0,1853327.0,2025,2025-10-25T15:43:27.000,41.752574748,-87.580892737,"
,  
(41.752574748, -87.580892737)"
470,14003303,JJ458372,2025-10-17T12:00:00.000,021XX W WELLINGTON AVE,0760,BURGLARY,BURGLARY FROM MOTOR VEHICLE,STREET,False,False,1931,19,32,5,06,1161352.0,1919897.0,2025,2025-10-25T15:43:27.000,41.935880431,-87.682429041,"
,  
(41.935880431, -87.682429041)"
471,14001973,JJ456168,2025-10-17T11:57:00.000,049XX S KEDZIE AVE,0860,THEFT,RETAIL THEFT,DEPARTMENT STORE,False,False,821,8,14,63,06,1155878.0,1871677.0,2025,2025-10-25T15:43:27.000,41.803671998,-87.703846021,"
,  
(41.803671998, -87.703846021)"
472,14000501,JJ455008,2025-10-17T11:56:00.000,117XX S STATE ST,4651,OTHER OFFENSE,SEX OFFENDER - FAIL TO REGISTER NEW ADDRESS,RESIDENCE,False,False,522,5,9,53,26,1178364.0,1826955.0,2025,2025-10-25T15:43:27.000,41.680467945,-87.622733316,"
,  
(41.680467945, -87.622733316)"
473,14000988,JJ455000,2025-10-17T11:50:00.000,014XX W 15TH ST,1320,CRIMINAL DAMAGE,TO VEHICLE,APARTMENT,False,False,1233,12,28,28,14,1166999.0,1892841.0,2025,2025-10-25T15:43:27.000,41.861517395,-87.662453482,"
,  
(41.861517395, -87.662453482)"
474,14001506,JJ456210,2025-10-17T11:50:00.000,032XX W 55TH ST,1477,WEAPONS VIOLATION,RECKLESS FIREARM DISCHARGE,PARKING LOT / GARAGE (NON RESIDENTIAL),False,False,822,8,14,63,15,1155491.0,1867962.0,2025,2025-10-25T15:43:27.000,41.793485288,-87.70536489,"
,  
(41.793485288, -87.70536489)"
475,14000563,JJ455083,2025-10-17T11:49:00.000,117XX S STATE ST,4651,OTHER OFFENSE,SEX OFFENDER - FAIL TO REGISTER NEW ADDRESS,RESIDENCE,False,False,522,5,9,53,26,1178355.0,1827205.0,2025,2025-10-25T15:43:27.000,41.681154187,-87.622758713,"
,  
(41.681154187, -87.622758713)"
476,14001435,JJ455040,2025-10-17T11:45:00.000,041XX W MADISON ST,0460,BATTERY,SIMPLE,SMALL RETAIL STORE,False,False,1115,11,28,26,08B,1148854.0,1899692.0,2025,2025-10-25T15:43:27.000,41.880687108,-87.728883733,"
,  
(41.880687108, -87.728883733)"
477,14000541,JJ455034,2025-10-17T11:44:00.000,047XX N LINDER AVE,3731,INTERFERENCE WITH PUBLIC OFFICER,OBSTRUCTING IDENTIFICATION,SIDEWALK,True,True,1623,16,45,15,24,1138812.0,1931028.0,2025,2025-10-25T15:43:27.000,41.966864692,-87.764994975,"
,  
(41.966864692, -87.764994975)"
478,14000469,JJ454982,2025-10-17T11:35:00.000,039XX W DIVISION ST,1320,CRIMINAL DAMAGE,TO VEHICLE,GAS STATION,False,True,2535,25,37,23,14,1149691.0,1907712.0,2025,2025-10-25T15:43:27.000,41.902678618,-87.725601735,"
,  
(41.902678618, -87.725601735)"
479,14004424,JJ459778,2025-10-17T11:32:00.000,101XX S OGLESBY AVE,0810,THEFT,OVER $500,RESIDENCE,False,False,431,4,7,51,06,1193829.0,1838181.0,2025,2025-10-25T15:43:27.000,41.710909342,-87.565758553,"
,  
(41.710909342, -87.565758553)"
480,14000627,JJ455176,2025-10-17T11:31:00.000,117XX S STATE ST,4651,OTHER OFFENSE,SEX OFFENDER - FAIL TO REGISTER NEW ADDRESS,RESIDENCE,False,False,522,5,9,53,26,1178357.0,1827155.0,2025,2025-10-25T15:43:27.000,41.681016934,-87.622752901,"
,  
(41.681016934, -87.622752901)"
481,14000426,JJ455001,2025-10-17T11:30:00.000,004XX W ARMITAGE AVE,0760,BURGLARY,BURGLARY FROM MOTOR VEHICLE,STREET,False,False,1812,18,43,7,06,1172852.0,1913580.0,2025,2025-10-25T15:43:27.000,41.918298945,-87.640353526,"
,  
(41.918298945, -87.640353526)"
482,14000947,JJ455224,2025-10-17T11:30:00.000,017XX E 67TH ST,2825,OTHER OFFENSE,HARASSMENT BY TELEPHONE,APARTMENT,False,True,332,3,5,43,26,1189157.0,1860906.0,2025,2025-10-25T15:43:27.000,41.773381931,-87.582141655,"
,  
(41.773381931, -87.582141655)"
483,14000616,JJ454993,2025-10-17T11:30:00.000,057XX S ABERDEEN ST,143C,WEAPONS VIOLATION,UNLAWFUL POSSESSION - AMMUNITION,APARTMENT,False,False,712,7,16,68,15,1169961.0,1866814.0,2025,2025-10-25T15:43:27.000,41.790032742,-87.652337878,"
,  
(41.790032742, -87.652337878)"
484,14004856,JJ460028,2025-10-17T11:30:00.000,036XX N HALSTED ST,1153,DECEPTIVE PRACTICE,FINANCIAL IDENTITY THEFT OVER $ 300,APARTMENT,False,False,1925,19,46,6,11,1170274.0,1924398.0,2025,2025-10-25T15:43:27.000,41.948040792,-87.649508191,"
,  
(41.948040792, -87.649508191)"
485,14000615,JJ454978,2025-10-17T11:30:00.000,057XX S ABERDEEN ST,1822,NARCOTICS,MANUFACTURE / DELIVER - CANNABIS OVER 10 GRAMS,APARTMENT,True,False,712,7,16,68,18,1169961.0,1866814.0,2025,2025-10-25T15:43:27.000,41.790032742,-87.652337878,"
,  
(41.790032742, -87.652337878)"
486,14003949,JJ459022,2025-10-17T11:29:00.000,025XX N ELSTON AVE,0810,THEFT,OVER $500,VEHICLE NON-COMMERCIAL,False,False,1432,14,32,22,06,1161412.0,1917162.0,2025,2025-10-25T15:43:27.000,41.928374167,-87.682284863,"
,  
(41.928374167, -87.682284863)"
487,14003634,JJ458932,2025-10-17T11:29:00.000,025XX N ELSTON AVE,0760,BURGLARY,BURGLARY FROM MOTOR VEHICLE,STREET,False,False,1432,14,32,22,06,1161412.0,1917162.0,2025,2025-10-25T15:43:27.000,41.928374167,-87.682284863,"
,  
(41.928374167, -87.682284863)"
488,14000569,JJ454994,2025-10-17T11:25:00.000,013XX S MILLARD AVE,143A,WEAPONS VIOLATION,UNLAWFUL POSSESSION - HANDGUN,STREET,True,False,1011,10,24,29,15,1152251.0,1893646.0,2025,2025-10-25T15:43:27.000,41.864029888,-87.716569669,"
,  
(41.864029888, -87.716569669)"
489,14000511,JJ454961,2025-10-17T11:25:00.000,076XX S STEWART AVE,0486,BATTERY,DOMESTIC BATTERY SIMPLE,RESIDENCE,False,True,623,6,17,69,08B,1174951.0,1854209.0,2025,2025-10-25T15:43:27.000,41.755333282,-87.634416632,"
,  
(41.755333282, -87.634416632)"
490,14003885,JJ454976,2025-10-17T11:20:00.000,018XX S BLUE ISLAND AVE,0486,BATTERY,DOMESTIC BATTERY SIMPLE,STREET,False,True,1233,12,25,31,08B,1167138.0,1891155.0,2025,2025-10-25T15:43:27.000,41.856887882,-87.661991633,"
,  
(41.856887882, -87.661991633)"
491,14004865,JJ460295,2025-10-17T11:18:00.000,023XX N CALIFORNIA AVE,0560,ASSAULT,SIMPLE,PARKING LOT / GARAGE (NON RESIDENTIAL),False,False,1431,14,1,22,08A,1157311.0,1915583.0,2025,2025-10-25T15:43:27.000,41.924125733,-87.697397656,"
,  
(41.924125733, -87.697397656)"
492,14000407,JJ454966,2025-10-17T11:15:00.000,059XX W MADISON ST,1812,NARCOTICS,POSSESS - CANNABIS MORE THAN 30 GRAMS,STREET,True,False,1513,15,29,25,18,1136634.0,1899396.0,2025,2025-10-25T15:43:27.000,41.880102253,-87.773762272,"
,  
(41.880102253, -87.773762272)"
493,14000534,JJ454953,2025-10-17T11:10:00.000,025XX S ALBANY AVE,051A,ASSAULT,AGGRAVATED - HANDGUN,ALLEY,False,False,1033,10,25,30,04A,1156101.0,1886992.0,2025,2025-10-25T15:43:27.000,41.845693802,-87.702615827,"
,  
(41.845693802, -87.702615827)"
494,14000484,JJ455028,2025-10-17T11:08:00.000,007XX W ADDISON ST,0810,THEFT,OVER $500,STREET,False,False,1925,19,46,6,06,1170648.0,1924136.0,2025,2025-10-25T15:43:27.000,41.947313658,-87.648141159,"
,  
(41.947313658, -87.648141159)"
495,14000536,JJ454934,2025-10-17T11:05:00.000,131XX S INGLESIDE AVE,0486,BATTERY,DOMESTIC BATTERY SIMPLE,CHA APARTMENT,False,True,533,5,10,54,08B,1184829.0,1818400.0,2025,2025-10-25T15:43:27.000,41.656843058,-87.59933522,"
,  
(41.656843058, -87.59933522)"
496,14000663,JJ455144,2025-10-17T11:05:00.000,007XX E 60TH ST,0710,THEFT,THEFT FROM MOTOR VEHICLE,APARTMENT,False,False,313,3,20,42,06,1182179.0,1865389.0,2025,2025-10-25T15:43:27.000,41.785848109,-87.607582382,"
,  
(41.785848109, -87.607582382)"
497,14000397,JJ454893,2025-10-17T11:00:00.000,009XX W 87TH ST,4651,OTHER OFFENSE,SEX OFFENDER - FAIL TO REGISTER NEW ADDRESS,RESIDENCE,False,False,613,6,21,71,26,1171655.0,1847148.0,2025,2025-10-25T15:43:27.000,41.736029804,-87.646702072,"
,  
(41.736029804, -87.646702072)"
498,14000586,JJ455165,2025-10-17T11:00:00.000,050XX W DIVISION ST,0710,THEFT,THEFT FROM MOTOR VEHICLE,STREET,False,False,2533,25,37,25,06,1142331.0,1907517.0,2025,2025-10-25T15:43:27.000,41.902283412,-87.752641464,"
,  
(41.902283412, -87.752641464)"
499,14000433,JJ454946,2025-10-17T11:00:00.000,008XX E HYDE PARK BLVD,0560,ASSAULT,SIMPLE,APARTMENT,False,False,223,2,20,39,08A,1182659.0,1871377.0,2025,2025-10-25T15:43:27.000,41.80226856,-87.605636648,"
,  
(41.80226856, -87.605636648)"
500,14000547,JJ454964,2025-10-17T11:00:00.000,025XX W 63RD ST,0496,BATTERY,AGGRAVATED DOMESTIC BATTERY - KNIFE / CUTTING INSTRUMENT,APARTMENT,False,True,825,8,16,66,04B,1160550.0,1862798.0,2025,2025-10-25T15:43:27.000,41.779211666,-87.686956197,"
,  
(41.779211666, -87.686956197)"
501,14000515,JJ455031,2025-10-17T11:00:00.000,075XX S EMERALD AVE,1310,CRIMINAL DAMAGE,TO PROPERTY,RESIDENCE,False,False,621,6,17,68,14,1172608.0,1854839.0,2025,2025-10-25T15:43:27.000,41.757113993,-87.642984565,"
,  
(41.757113993, -87.642984565)"
502,14001372,JJ456033,2025-10-17T11:00:00.000,013XX E HYDE PARK BLVD,3960,INTIMIDATION,INTIMIDATION,APARTMENT,False,False,234,2,4,41,08A,1186192.0,1871460.0,2025,2025-10-25T15:43:27.000,41.802413509,-87.592677218,"
,  
(41.802413509, -87.592677218)"
503,14000532,JJ454932,2025-10-17T11:00:00.000,005XX N STATE ST,0860,THEFT,RETAIL THEFT,GROCERY FOOD STORE,True,False,1831,18,42,8,06,1176272.0,1904025.0,2025,2025-10-25T15:43:27.000,41.89200307,-87.628076963,"
,  
(41.89200307, -87.628076963)"
504,14000457,JJ454956,2025-10-17T10:58:00.000,007XX N AVERS AVE,2027,NARCOTICS,POSSESS - CRACK,STREET,True,False,1112,11,27,23,18,1150584.0,1904899.0,2025,2025-10-25T15:43:27.000,41.894942056,-87.722395145,"
,  
(41.894942056, -87.722395145)"
505,14001607,JJ456238,2025-10-17T10:58:00.000,0000X W TERMINAL ST,0860,THEFT,RETAIL THEFT,AIRPORT TERMINAL UPPER LEVEL - SECURE AREA,False,False,1655,16,41,76,06,1104700.0,1933741.0,2025,2025-10-25T15:43:27.000,41.974861952,-87.890372151,"
,  
(41.974861952, -87.890372151)"
506,14000653,JJ454911,2025-10-17T10:50:00.000,035XX E 106TH ST,041A,BATTERY,AGGRAVATED - HANDGUN,SIDEWALK,False,False,432,4,10,52,04B,1201667.0,1835276.0,2025,2025-10-25T15:43:27.000,41.702742463,-87.537153172,"
,  
(41.702742463, -87.537153172)"
507,14000429,JJ454930,2025-10-17T10:47:00.000,001XX E 56TH ST,2028,NARCOTICS,POSSESS - SYNTHETIC DRUGS,STREET,True,False,231,2,20,40,18,1178244.0,1867931.0,2025,2025-10-25T15:43:27.000,41.792913844,-87.621932737,"
,  
(41.792913844, -87.621932737)"
508,14000561,JJ454916,2025-10-17T10:40:00.000,045XX N MAGNOLIA AVE,0560,ASSAULT,SIMPLE,PARKING LOT / GARAGE (NON RESIDENTIAL),False,False,1913,19,46,3,08A,1167100.0,1930330.0,2025,2025-10-25T15:43:27.000,41.964387333,-87.66100398,"
,  
(41.964387333, -87.66100398)"
509,14000481,JJ454887,2025-10-17T10:40:00.000,097XX S TORRENCE AVE,4651,OTHER OFFENSE,SEX OFFENDER - FAIL TO REGISTER NEW ADDRESS,APARTMENT,False,False,431,4,7,51,26,1195426.0,1840977.0,2025,2025-10-25T15:43:27.000,41.718542616,-87.559818125,"
,  
(41.718542616, -87.559818125)"
510,14002933,JJ457655,2025-10-17T10:30:00.000,131XX S INGLESIDE AVE,2820,OTHER OFFENSE,TELEPHONE THREAT,STREET,False,True,533,5,10,54,08A,1184829.0,1818400.0,2025,2025-10-25T15:43:27.000,41.656843058,-87.59933522,"
,  
(41.656843058, -87.59933522)"
511,14000423,JJ454950,2025-10-17T10:30:00.000,014XX W 73RD PL,0910,MOTOR VEHICLE THEFT,AUTOMOBILE,STREET,False,False,734,7,17,67,07,1167681.0,1855997.0,2025,2025-10-25T15:43:27.000,41.760398778,-87.661008075,"
,  
(41.760398778, -87.661008075)"
512,14000899,JJ455518,2025-10-17T10:30:00.000,047XX W 63RD ST,0820,THEFT,$500 AND UNDER,RESTAURANT,False,False,813,8,13,64,06,1145657.0,1862409.0,2025,2025-10-25T15:43:27.000,41.778438407,-87.741565994,"
,  
(41.778438407, -87.741565994)"
513,14000446,JJ454940,2025-10-17T10:22:00.000,001XX N MICHIGAN AVE,1330,CRIMINAL TRESPASS,TO LAND,STREET,True,False,111,1,34,32,26,1177276.0,1901405.0,2025,2025-10-25T15:43:27.000,41.884790951,-87.624469241,"
,  
(41.884790951, -87.624469241)"
514,14000359,JJ454876,2025-10-17T10:20:00.000,005XX N STATE ST,1210,DECEPTIVE PRACTICE,THEFT OF LABOR / SERVICES,CTA PLATFORM,True,False,1834,18,42,8,11,1176278.0,1903807.0,2025,2025-10-25T15:43:27.000,41.891404732,-87.628061509,"
,  
(41.891404732, -87.628061509)"
515,14000603,JJ454907,2025-10-17T10:18:00.000,016XX W GARFIELD BLVD,0460,BATTERY,SIMPLE,RESIDENCE - YARD (FRONT / BACK),False,False,715,7,16,67,08B,1166133.0,1868098.0,2025,2025-10-25T15:43:27.000,41.793638543,-87.66633756,"
,  
(41.793638543, -87.66633756)"
516,14000738,JJ455316,2025-10-17T10:17:00.000,013XX S INDEPENDENCE BLVD,0810,THEFT,OVER $500,RESIDENCE - GARAGE,False,False,1011,10,24,29,06,1151240.0,1893265.0,2025,2025-10-25T15:43:27.000,41.86300425,-87.720291024,"
,  
(41.86300425, -87.720291024)"
517,14000492,JJ454895,2025-10-17T10:13:00.000,017XX E 69TH ST,0460,BATTERY,SIMPLE,RESIDENCE - PORCH / HALLWAY,False,False,332,3,5,43,08B,1189190.0,1859580.0,2025,2025-10-25T15:43:27.000,41.769742488,-87.582063146,"
,  
(41.769742488, -87.582063146)"
518,14000364,JJ454884,2025-10-17T10:06:00.000,062XX N CENTRAL AVE,2028,NARCOTICS,POSSESS - SYNTHETIC DRUGS,STREET,True,False,1621,16,39,12,18,1138859.0,1941353.0,2025,2025-10-25T15:43:27.000,41.995196483,-87.764570074,"
,  
(41.995196483, -87.764570074)"
519,14000739,JJ454902,2025-10-17T10:05:00.000,008XX N LAKE SHORE DR,0486,BATTERY,DOMESTIC BATTERY SIMPLE,SIDEWALK,False,True,1833,18,2,8,08B,1179040.0,1906227.0,2025,2025-10-25T15:43:27.000,41.897982574,-87.617844003,"
,  
(41.897982574, -87.617844003)"
520,14001050,JJ455660,2025-10-17T10:05:00.000,091XX S COLFAX AVE,143A,WEAPONS VIOLATION,UNLAWFUL POSSESSION - HANDGUN,RESIDENCE - YARD (FRONT / BACK),False,False,423,4,7,48,15,1195096.0,1844775.0,2025,2025-10-25T15:43:27.000,41.728972803,-87.560901956,"
,  
(41.728972803, -87.560901956)"
521,14000368,JJ454866,2025-10-17T10:04:00.000,004XX W DIVISION ST,0460,BATTERY,SIMPLE,SIDEWALK,False,False,1821,18,27,8,08B,1173055.0,1908287.0,2025,2025-10-25T15:43:27.000,41.903770187,-87.639764947,"
,  
(41.903770187, -87.639764947)"
522,14000566,JJ454903,2025-10-17T10:04:00.000,010XX S WESTERN AVE,0320,ROBBERY,STRONG ARM - NO WEAPON,SIDEWALK,False,False,1135,11,28,28,03,1160534.0,1895609.0,2025,2025-10-25T15:43:27.000,41.869249232,-87.686108697,"
,  
(41.869249232, -87.686108697)"
523,14000386,JJ454929,2025-10-17T10:00:00.000,081XX S DAMEN AVE,0820,THEFT,$500 AND UNDER,APARTMENT,False,False,614,6,17,71,06,1164442.0,1850701.0,2025,2025-10-25T15:43:27.000,41.745934645,-87.673028106,"
,  
(41.745934645, -87.673028106)"
524,14000527,JJ454861,2025-10-17T10:00:00.000,016XX E 53RD ST,0320,ROBBERY,STRONG ARM - NO WEAPON,CLEANING STORE,False,False,234,2,5,41,03,1188307.0,1870451.0,2025,2025-10-25T15:43:27.000,41.79959447,-87.584952954,"
,  
(41.79959447, -87.584952954)"
525,14004692,JJ459998,2025-10-17T10:00:00.000,029XX S DR MARTIN LUTHER KING JR DR,1154,DECEPTIVE PRACTICE,FINANCIAL IDENTITY THEFT $300 AND UNDER,APARTMENT,False,False,133,1,4,35,11,1179394.0,1885524.0,2025,2025-10-25T15:43:27.000,41.841164277,-87.6171782,"
,  
(41.841164277, -87.6171782)"
526,14002327,JJ457190,2025-10-17T10:00:00.000,042XX N LOCKWOOD AVE,0820,THEFT,$500 AND UNDER,APARTMENT,False,True,1624,16,38,15,06,1140254.0,1927843.0,2025,2025-10-25T15:43:27.000,41.958098399,-87.759771256,"
,  
(41.958098399, -87.759771256)"
527,14003219,JJ458269,2025-10-17T10:00:00.000,074XX S NORMAL AVE,4387,OTHER OFFENSE,VIOLATE ORDER OF PROTECTION,RESIDENCE,False,True,732,7,6,68,26,1174251.0,1855564.0,2025,2025-10-25T15:43:27.000,41.759067144,-87.636941743,"
,  
(41.759067144, -87.636941743)"
528,14000827,JJ455464,2025-10-17T10:00:00.000,078XX S MORGAN ST,5001,OTHER OFFENSE,OTHER CRIME INVOLVING PROPERTY,RESIDENCE,False,False,612,6,17,71,26,1171004.0,1852864.0,2025,2025-10-25T15:43:27.000,41.751729507,-87.648920542,"
,  
(41.751729507, -87.648920542)"
529,14000353,JJ454891,2025-10-17T10:00:00.000,033XX S PRAIRIE AVE,0810,THEFT,OVER $500,CONSTRUCTION SITE,False,False,211,2,4,35,06,1178481.0,1882928.0,2025,2025-10-25T15:43:27.000,41.834061504,-87.620607597,"
,  
(41.834061504, -87.620607597)"
530,14000633,JJ454987,2025-10-17T10:00:00.000,016XX W GARFIELD BLVD,0291,CRIMINAL SEXUAL ASSAULT,ATTEMPT NON-AGGRAVATED,STREET,False,False,715,7,16,67,02,1166133.0,1868098.0,2025,2025-10-25T15:43:27.000,41.793638543,-87.66633756,"
,  
(41.793638543, -87.66633756)"
531,14000500,JJ454871,2025-10-17T10:00:00.000,038XX W ROOSEVELT RD,0454,BATTERY,"AGGRAVATED P.O. - HANDS, FISTS, FEET, NO / MINOR INJURY",STREET,False,False,1133,11,24,29,08B,1150993.0,1894437.0,2025,2025-10-25T15:43:27.000,41.866225191,-87.721167065,"
,  
(41.866225191, -87.721167065)"
532,14002823,JJ457297,2025-10-17T10:00:00.000,051XX S HYDE PARK BLVD,0820,THEFT,$500 AND UNDER,APARTMENT,False,False,234,2,5,41,06,1188373.0,1871076.0,2025,2025-10-25T15:43:27.000,41.801307936,-87.584690956,"
,  
(41.801307936, -87.584690956)"
533,14006322,JJ462058,2025-10-17T10:00:00.000,011XX W WILSON AVE,1187,DECEPTIVE PRACTICE,STATE BENEFITS FRAUD,COLLEGE / UNIVERSITY - GROUNDS,False,False,1913,19,46,3,11,1167612.0,1930696.0,2025,2025-10-25T15:43:27.000,41.96538061,-87.659110921,"
,  
(41.96538061, -87.659110921)"
534,14001914,JJ456577,2025-10-17T10:00:00.000,007XX N LA SALLE DR,0820,THEFT,$500 AND UNDER,MEDICAL / DENTAL OFFICE,False,False,1832,18,42,8,06,1175000.0,1905535.0,2025,2025-10-25T15:43:27.000,41.896175186,-87.632703129,"
,  
(41.896175186, -87.632703129)"
535,14000503,JJ454845,2025-10-17T09:54:00.000,068XX S CORNELL AVE,2820,OTHER OFFENSE,TELEPHONE THREAT,APARTMENT,False,True,332,3,5,43,08A,1188381.0,1860014.0,2025,2025-10-25T15:43:27.000,41.770952774,-87.585014697,"
,  
(41.770952774, -87.585014697)"
536,14000496,JJ455032,2025-10-17T09:45:00.000,091XX S SOUTH CHICAGO AVE,0560,ASSAULT,SIMPLE,APARTMENT,False,False,423,4,7,46,08A,1196826.0,1844863.0,2025,2025-10-25T15:43:27.000,41.729171506,-87.55456177,"
,  
(41.729171506, -87.55456177)"
537,14000459,JJ454844,2025-10-17T09:40:00.000,002XX S DEARBORN ST,0545,ASSAULT,"PROTECTED EMPLOYEE - HANDS, FISTS, FEET, NO / MINOR INJURY",GOVERNMENT BUILDING / PROPERTY,True,False,113,1,34,32,08A,1175968.0,1899257.0,2025,2025-10-25T15:43:27.000,41.878926264,-87.629337063,"
,  
(41.878926264, -87.629337063)"
538,14000336,JJ454819,2025-10-17T09:35:00.000,095XX S HALSTED ST,0810,THEFT,OVER $500,SIDEWALK,False,False,2223,22,21,73,06,1172654.0,1841681.0,2025,2025-10-25T15:43:27.000,41.721005667,-87.643202686,"
,  
(41.721005667, -87.643202686)"
539,14000468,JJ454834,2025-10-17T09:30:00.000,074XX S EXCHANGE AVE,0560,ASSAULT,SIMPLE,GOVERNMENT BUILDING / PROPERTY,True,False,334,3,7,43,08A,1194912.0,1856110.0,2025,2025-10-25T15:43:27.000,41.760081493,-87.561203395,"
,  
(41.760081493, -87.561203395)"
540,14000480,JJ454820,2025-10-17T09:30:00.000,109XX S TORRENCE AVE,4651,OTHER OFFENSE,SEX OFFENDER - FAIL TO REGISTER NEW ADDRESS,APARTMENT,False,False,434,4,10,51,26,1195575.0,1833200.0,2025,2025-10-25T15:43:27.000,41.697198094,-87.559528362,"
,  
(41.697198094, -87.559528362)"
541,14000322,JJ454816,2025-10-17T09:20:00.000,095XX S HALSTED ST,0820,THEFT,$500 AND UNDER,STREET,False,False,2223,22,21,73,06,1172663.0,1841351.0,2025,2025-10-25T15:43:27.000,41.720099902,-87.643179411,"
,  
(41.720099902, -87.643179411)"
542,14002027,JJ455563,2025-10-17T09:20:00.000,039XX W DIVISION ST,0486,BATTERY,DOMESTIC BATTERY SIMPLE,RESIDENCE,False,True,2535,25,37,23,08B,1149998.0,1907717.0,2025,2025-10-25T15:43:27.000,41.902686365,-87.724473931,"
,  
(41.902686365, -87.724473931)"
543,14000313,JJ454806,2025-10-17T09:20:00.000,016XX N KEATING AVE,0460,BATTERY,SIMPLE,STREET,False,False,2533,25,37,25,08B,1144482.0,1910381.0,2025,2025-10-25T15:43:27.000,41.910102311,-87.744668226,"
,  
(41.910102311, -87.744668226)"
544,14000436,JJ454821,2025-10-17T09:07:00.000,003XX E 69TH ST,0486,BATTERY,DOMESTIC BATTERY SIMPLE,APARTMENT,False,True,322,3,6,69,08B,1179355.0,1859331.0,2025,2025-10-25T15:43:27.000,41.769289292,-87.618121158,"
,  
(41.769289292, -87.618121158)"
545,14002262,JJ457074,2025-10-17T09:00:00.000,028XX S DR MARTIN LUTHER KING JR DR,0910,MOTOR VEHICLE THEFT,AUTOMOBILE,STREET,False,False,133,1,4,35,07,1179375.0,1886199.0,2025,2025-10-25T15:43:27.000,41.843016958,-87.61722727,"
,  
(41.843016958, -87.61722727)"
546,14003725,JJ458902,2025-10-17T09:00:00.000,010XX W 35TH ST,1242,DECEPTIVE PRACTICE,COMPUTER FRAUD,COMMERCIAL / BUSINESS OFFICE,False,False,913,9,11,60,11,1170018.0,1881626.0,2025,2025-10-25T15:43:27.000,41.830677183,-87.651698101,"
,  
(41.830677183, -87.651698101)"
547,14000514,JJ455052,2025-10-17T09:00:00.000,087XX S MAY ST,0610,BURGLARY,FORCIBLE ENTRY,RESIDENCE,False,False,2222,22,21,71,05,1170180.0,1846894.0,2025,2025-10-25T15:43:27.000,41.735364958,-87.652113305,"
,  
(41.735364958, -87.652113305)"
548,14004037,JJ459137,2025-10-17T09:00:00.000,050XX N MARINE DR,0710,THEFT,THEFT FROM MOTOR VEHICLE,STREET,False,False,2024,20,48,3,06,1169767.0,1933713.0,2025,2025-10-25T15:43:27.000,41.973612537,-87.651099188,"
,  
(41.973612537, -87.651099188)"
549,14000348,JJ454870,2025-10-17T09:00:00.000,008XX W BUENA AVE,0710,THEFT,THEFT FROM MOTOR VEHICLE,DRIVEWAY - RESIDENTIAL,False,False,1915,19,46,3,06,1170010.0,1928200.0,2025,2025-10-25T15:43:27.000,41.95847939,-87.650367219,"
,  
(41.95847939, -87.650367219)"
550,14000476,JJ454971,2025-10-17T09:00:00.000,011XX N WESTERN AVE,1310,CRIMINAL DAMAGE,TO PROPERTY,COMMERCIAL / BUSINESS OFFICE,False,False,1212,12,1,24,14,1160206.0,1907344.0,2025,2025-10-25T15:43:27.000,41.90145789,-87.68698838,"
,  
(41.90145789, -87.68698838)"
551,14000587,JJ455087,2025-10-17T09:00:00.000,130XX S CHAMPLAIN AVE,1310,CRIMINAL DAMAGE,TO PROPERTY,RESIDENCE,False,True,533,5,10,54,14,1183338.0,1818773.0,2025,2025-10-25T15:43:27.000,41.657901337,-87.604779419,"
,  
(41.657901337, -87.604779419)"
552,14004361,JJ459551,2025-10-17T09:00:00.000,011XX N MENARD AVE,1120,DECEPTIVE PRACTICE,FORGERY,RESIDENCE,False,False,1511,15,29,25,10,1137481.0,1906977.0,2025,2025-10-25T15:43:27.000,41.900890292,-87.770469536,"
,  
(41.900890292, -87.770469536)"
553,14000762,JJ455265,2025-10-17T09:00:00.000,008XX W LELAND AVE,0910,MOTOR VEHICLE THEFT,AUTOMOBILE,DRIVEWAY - RESIDENTIAL,False,False,1914,19,46,3,07,1169858.0,1931427.0,2025,2025-10-25T15:43:27.000,41.967337701,-87.650831528,"
,  
(41.967337701, -87.650831528)"
554,14000309,JJ454793,2025-10-17T08:56:00.000,024XX S MARSHALL BLVD,0560,ASSAULT,SIMPLE,STREET,False,False,1033,10,24,30,08A,1157089.0,1887878.0,2025,2025-10-25T15:43:27.000,41.848105118,-87.698965922,"
,  
(41.848105118, -87.698965922)"
555,14000483,JJ455036,2025-10-17T08:54:00.000,044XX N CENTRAL PARK AVE,4387,OTHER OFFENSE,VIOLATE ORDER OF PROTECTION,RESIDENCE,False,True,1723,17,33,14,26,1151588.0,1929312.0,2025,2025-10-25T15:43:27.000,41.961913709,-87.718064299,"
,  
(41.961913709, -87.718064299)"
556,14000346,JJ454764,2025-10-17T08:46:00.000,006XX N LA SALLE DR,0860,THEFT,RETAIL THEFT,DEPARTMENT STORE,True,False,1832,18,42,8,06,1175023.0,1904549.0,2025,2025-10-25T15:43:27.000,41.893469034,-87.632648229,"
,  
(41.893469034, -87.632648229)"
557,14001104,JJ455624,2025-10-17T08:45:00.000,056XX N PARKSIDE AVE,0610,BURGLARY,FORCIBLE ENTRY,RESIDENCE,False,False,1622,16,45,11,05,1137537.0,1937172.0,2025,2025-10-25T15:43:27.000,41.983747475,-87.769534364,"
,  
(41.983747475, -87.769534364)"
558,14000308,JJ454762,2025-10-17T08:39:00.000,0000X W HUBBARD ST,1330,CRIMINAL TRESPASS,TO LAND,ALLEY,True,False,1831,18,42,8,26,1176119.0,1903314.0,2025,2025-10-25T15:43:27.000,41.890055498,-87.628660303,"
,  
(41.890055498, -87.628660303)"
559,14000372,JJ454769,2025-10-17T08:35:00.000,048XX N BROADWAY,0545,ASSAULT,"PROTECTED EMPLOYEE - HANDS, FISTS, FEET, NO / MINOR INJURY",CTA BUS,False,False,2033,20,46,3,08A,1167428.0,1932799.0,2025,2025-10-25T15:43:27.000,41.971155284,-87.659726651,"
,  
(41.971155284, -87.659726651)"
560,14001983,JJ455940,2025-10-17T08:30:00.000,002XX S MICHIGAN AVE,1130,DECEPTIVE PRACTICE,FRAUD OR CONFIDENCE GAME,OTHER (SPECIFY),False,False,113,1,34,32,11,1177326.0,1899381.0,2025,2025-10-25T15:43:27.000,41.879235852,-87.624347038,"
,  
(41.879235852, -87.624347038)"
561,14006792,JJ462686,2025-10-17T08:30:00.000,024XX S SACRAMENTO AVE,051A,ASSAULT,AGGRAVATED - HANDGUN,STREET,False,False,1033,10,25,30,04A,1156744.0,1887747.0,2025,2025-10-25T15:43:27.000,41.847752625,-87.700235638,"
,  
(41.847752625, -87.700235638)"
562,14000347,JJ454789,2025-10-17T08:30:00.000,036XX W FIFTH AVE,0910,MOTOR VEHICLE THEFT,AUTOMOBILE,STREET,False,False,1133,11,28,27,07,1152000.0,1897724.0,2025,2025-10-25T15:43:27.000,41.875225321,-87.717383667,"
,  
(41.875225321, -87.717383667)"
563,14001673,JJ456376,2025-10-17T08:30:00.000,008XX N KEDZIE AVE,1150,DECEPTIVE PRACTICE,CREDIT CARD FRAUD,DEPARTMENT STORE,False,False,1121,11,27,23,11,1154891.0,1905271.0,2025,2025-10-25T15:43:27.000,41.895877613,-87.706566627,"
,  
(41.895877613, -87.706566627)"
564,14000764,JJ455328,2025-10-17T08:25:00.000,041XX S CICERO AVE,0460,BATTERY,SIMPLE,STREET,False,False,814,8,22,56,08B,1145056.0,1876529.0,2025,2025-10-25T15:43:27.000,41.817197269,-87.743414084,"
,  
(41.817197269, -87.743414084)"
565,14000634,JJ455172,2025-10-17T08:20:00.000,022XX W POTOMAC AVE,0910,MOTOR VEHICLE THEFT,AUTOMOBILE,STREET,False,False,1424,14,1,24,07,1161039.0,1908603.0,2025,2025-10-25T15:43:27.000,41.904895422,-87.683893673,"
,  
(41.904895422, -87.683893673)"
566,14000681,JJ455174,2025-10-17T08:20:00.000,022XX W POTOMAC AVE,1150,DECEPTIVE PRACTICE,CREDIT CARD FRAUD,STREET,False,False,1424,14,1,24,11,1161039.0,1908603.0,2025,2025-10-25T15:43:27.000,41.904895422,-87.683893673,"
,  
(41.904895422, -87.683893673)"
567,14000463,JJ454741,2025-10-17T08:15:00.000,0000X N STATE ST,0860,THEFT,RETAIL THEFT,DRUG STORE,False,False,112,1,34,32,06,1176362.0,1900572.0,2025,2025-10-25T15:43:27.000,41.882525822,-87.627850693,"
,  
(41.882525822, -87.627850693)"
568,14000294,JJ454719,2025-10-17T08:07:00.000,027XX W FLOURNOY ST,2027,NARCOTICS,POSSESS - CRACK,SIDEWALK,True,False,1135,11,28,27,18,1158201.0,1896921.0,2025,2025-10-25T15:43:27.000,41.872897441,-87.694637923,"
,  
(41.872897441, -87.694637923)"
569,14000285,JJ454733,2025-10-17T08:06:00.000,012XX W 79TH ST,0860,THEFT,RETAIL THEFT,SMALL RETAIL STORE,False,False,612,6,17,71,06,1169539.0,1852401.0,2025,2025-10-25T15:43:27.000,41.750490827,-87.654302474,"
,  
(41.750490827, -87.654302474)"
570,14000418,JJ454730,2025-10-17T08:04:00.000,059XX S MICHIGAN AVE,0486,BATTERY,DOMESTIC BATTERY SIMPLE,APARTMENT,False,True,232,2,20,40,08B,1178175.0,1865624.0,2025,2025-10-25T15:43:27.000,41.786584778,-87.622255717,"
,  
(41.786584778, -87.622255717)"
571,14005583,JJ460918,2025-10-17T08:00:00.000,047XX S STATE ST,0460,BATTERY,SIMPLE,CTA TRAIN,False,False,224,2,3,38,08B,1177068.0,1873704.0,2025,2025-10-25T15:43:27.000,41.808782124,-87.626070778,"
,  
(41.808782124, -87.626070778)"
572,14007011,JJ462223,2025-10-17T08:00:00.000,017XX W Granville Ave,0890,THEFT,FROM BUILDING,RESIDENCE - YARD (FRONT / BACK),False,False,2433,24,40,77,06,1163529.0,1941230.0,2025,2025-10-25T15:43:27.000,41.994373466,-87.673824941,"
,  
(41.994373466, -87.673824941)"
573,14000411,JJ454975,2025-10-17T08:00:00.000,078XX S COLFAX AVE,051A,ASSAULT,AGGRAVATED - HANDGUN,STREET,False,False,421,4,7,43,04A,1194878.0,1853586.0,2025,2025-10-25T15:43:27.000,41.753156284,-87.561411005,"
,  
(41.753156284, -87.561411005)"
574,14001342,JJ455974,2025-10-17T08:00:00.000,036XX W ARMITAGE AVE,1562,SEX OFFENSE,AGGRAVATED CRIMINAL SEXUAL ABUSE,SCHOOL - PUBLIC BUILDING,False,False,2525,25,26,22,17,1151878.0,1913047.0,2025,2025-10-25T15:43:27.000,41.917275556,-87.717427731,"
,  
(41.917275556, -87.717427731)"
575,14000391,JJ454965,2025-10-17T07:30:00.000,008XX S DAMEN AVE,0820,THEFT,$500 AND UNDER,SIDEWALK,False,False,1231,12,27,28,06,1163183.0,1896221.0,2025,2025-10-25T15:43:27.000,41.870873396,-87.676366341,"
,  
(41.870873396, -87.676366341)"
576,14002326,JJ457165,2025-10-17T07:30:00.000,033XX W ARTHINGTON ST,0820,THEFT,$500 AND UNDER,STREET,False,False,1134,11,24,29,06,1154345.0,1895847.0,2025,2025-10-25T15:43:27.000,41.870028132,-87.708823855,"
,  
(41.870028132, -87.708823855)"
577,14000349,JJ454755,2025-10-17T07:21:00.000,010XX N CICERO AVE,1811,NARCOTICS,POSSESS - CANNABIS 30 GRAMS OR LESS,STREET,False,False,1531,15,37,25,18,1144168.0,1906634.0,2025,2025-10-25T15:43:27.000,41.899826041,-87.74591601,"
,  
(41.899826041, -87.74591601)"
578,14000396,JJ454962,2025-10-17T07:20:00.000,011XX N SPRINGFIELD AVE,2825,OTHER OFFENSE,HARASSMENT BY TELEPHONE,OTHER (SPECIFY),False,True,1112,11,37,23,26,1150178.0,1907269.0,2025,2025-10-25T15:43:27.000,41.901453501,-87.723824446,"
,  
(41.901453501, -87.723824446)"
579,14000311,JJ454731,2025-10-17T07:15:00.000,078XX S ABERDEEN ST,0710,THEFT,THEFT FROM MOTOR VEHICLE,STREET,False,False,612,6,17,71,06,1170343.0,1852839.0,2025,2025-10-25T15:43:27.000,41.751675307,-87.651343523,"
,  
(41.751675307, -87.651343523)"
580,14000248,JJ454694,2025-10-17T07:11:00.000,092XX S JUSTINE ST,2826,OTHER OFFENSE,HARASSMENT BY ELECTRONIC MEANS,RESIDENCE,False,False,2221,22,21,73,26,1167627.0,1843380.0,2025,2025-10-25T15:43:27.000,41.725777091,-87.661566971,"
,  
(41.725777091, -87.661566971)"
581,14000255,JJ454695,2025-10-17T07:11:00.000,014XX W 15TH ST,1320,CRIMINAL DAMAGE,TO VEHICLE,STREET,False,False,1233,12,28,28,14,1166999.0,1892841.0,2025,2025-10-25T15:43:27.000,41.861517395,-87.662453482,"
,  
(41.861517395, -87.662453482)"
582,14000810,JJ455469,2025-10-17T07:10:00.000,040XX W 51ST ST,0910,MOTOR VEHICLE THEFT,AUTOMOBILE,PARKING LOT / GARAGE (NON RESIDENTIAL),False,False,815,8,23,57,07,1150327.0,1870494.0,2025,2025-10-25T15:43:27.000,41.800535428,-87.724235277,"
,  
(41.800535428, -87.724235277)"
583,14000736,JJ455434,2025-10-17T07:00:00.000,060XX W CORNELIA AVE,1320,CRIMINAL DAMAGE,TO VEHICLE,STREET,False,False,1633,16,30,17,14,1135591.0,1922651.0,2025,2025-10-25T15:43:27.000,41.943935385,-87.777038278,"
,  
(41.943935385, -87.777038278)"
584,14000580,JJ454721,2025-10-17T07:00:00.000,004XX E 87TH ST,031A,ROBBERY,ARMED - HANDGUN,RESTAURANT,False,False,632,6,6,44,03,1180951.0,1847406.0,2025,2025-10-25T15:43:27.000,41.736529222,-87.612637172,"
,  
(41.736529222, -87.612637172)"
585,14000612,JJ454692,2025-10-17T07:00:00.000,002XX E 108TH ST,1310,CRIMINAL DAMAGE,TO PROPERTY,APARTMENT,False,True,513,5,9,49,14,1179938.0,1833410.0,2025,2025-10-25T15:43:27.000,41.698145615,-87.616775204,"
,  
(41.698145615, -87.616775204)"
586,14000344,JJ454872,2025-10-17T07:00:00.000,065XX S GREENWOOD AVE,0710,THEFT,THEFT FROM MOTOR VEHICLE,STREET,False,False,321,3,20,42,06,1184343.0,1861960.0,2025,2025-10-25T15:43:27.000,41.776388234,-87.599755472,"
,  
(41.776388234, -87.599755472)"
587,14000302,JJ454790,2025-10-17T07:00:00.000,059XX S ALBANY AVE,0810,THEFT,OVER $500,STREET,False,False,824,8,14,66,06,1156729.0,1865182.0,2025,2025-10-25T15:43:27.000,41.785831669,-87.700900198,"
,  
(41.785831669, -87.700900198)"
588,14000303,JJ454709,2025-10-17T06:50:00.000,009XX W 53RD ST,0820,THEFT,$500 AND UNDER,APARTMENT,True,False,934,9,16,61,06,1170959.0,1869651.0,2025,2025-10-25T15:43:27.000,41.797796034,-87.648595643,"
,  
(41.797796034, -87.648595643)"
589,14000461,JJ454688,2025-10-17T06:46:00.000,070XX S STONY ISLAND AVE,031A,ROBBERY,ARMED - HANDGUN,RESTAURANT,False,False,332,3,5,43,03,1188137.0,1858670.0,2025,2025-10-25T15:43:27.000,41.767270546,-87.585951907,"
,  
(41.767270546, -87.585951907)"
590,14000945,JJ455617,2025-10-17T06:45:00.000,003XX E ERIE ST,0910,MOTOR VEHICLE THEFT,AUTOMOBILE,PARKING LOT / GARAGE (NON RESIDENTIAL),False,False,1834,18,2,8,07,1178627.0,1904854.0,2025,2025-10-25T15:43:27.000,41.894224442,-87.619402855,"
,  
(41.894224442, -87.619402855)"
591,14000256,JJ454676,2025-10-17T06:35:00.000,064XX N LEAVITT ST,051A,ASSAULT,AGGRAVATED - HANDGUN,STREET,False,False,2412,24,50,2,04A,1160470.0,1942720.0,2025,2025-10-25T15:43:27.000,41.998526173,-87.685035797,"
,  
(41.998526173, -87.685035797)"
592,14000543,JJ454917,2025-10-17T06:30:00.000,074XX W TALCOTT AVE,0580,STALKING,SIMPLE,HOSPITAL BUILDING / GROUNDS,False,True,1612,16,41,10,08A,1125755.0,1938877.0,2025,2025-10-25T15:43:27.000,41.988630807,-87.812829371,"
,  
(41.988630807, -87.812829371)"
593,14000323,JJ454728,2025-10-17T06:30:00.000,034XX W 66TH ST,0910,MOTOR VEHICLE THEFT,AUTOMOBILE,STREET,False,False,831,8,14,66,07,1154531.0,1860641.0,2025,2025-10-25T15:43:27.000,41.773414563,-87.709080063,"
,  
(41.773414563, -87.709080063)"
594,14000312,JJ454750,2025-10-17T06:30:00.000,083XX S ELLIS AVE,1310,CRIMINAL DAMAGE,TO PROPERTY,APARTMENT,False,True,632,6,8,44,14,1184339.0,1849858.0,2025,2025-10-25T15:43:27.000,41.74317925,-87.600148257,"
,  
(41.74317925, -87.600148257)"
595,14000324,JJ454693,2025-10-17T06:20:00.000,028XX W SEIPP ST,1320,CRIMINAL DAMAGE,TO VEHICLE,STREET,False,False,835,8,18,70,14,1158734.0,1847664.0,2025,2025-10-25T15:43:27.000,41.737718922,-87.694026204,"
,  
(41.737718922, -87.694026204)"
596,14000863,JJ455522,2025-10-17T06:15:00.000,002XX E CULLERTON ST,0910,MOTOR VEHICLE THEFT,AUTOMOBILE,STREET,False,False,132,1,3,33,07,1178111.0,1890745.0,2025,2025-10-25T15:43:27.000,41.855520321,-87.621727544,"
,  
(41.855520321, -87.621727544)"
597,14000366,JJ454772,2025-10-17T06:00:00.000,001XX W 87TH ST,0330,ROBBERY,AGGRAVATED,SIDEWALK,False,False,634,6,21,44,03,1176702.0,1847271.0,2025,2025-10-25T15:43:27.000,41.73625535,-87.62820806,"
,  
(41.73625535, -87.62820806)"
598,14000298,JJ454705,2025-10-17T06:00:00.000,022XX S HALSTED ST,0460,BATTERY,SIMPLE,RESIDENCE,False,False,1235,12,25,31,08B,1171385.0,1889202.0,2025,2025-10-25T15:43:27.000,41.851436512,-87.646460241,"
,  
(41.851436512, -87.646460241)"
599,14001991,JJ455917,2025-10-17T06:00:00.000,113XX S FOREST AVE,1320,CRIMINAL DAMAGE,TO VEHICLE,STREET,False,False,531,5,9,49,14,1180271.0,1829725.0,2025,2025-10-25T15:43:27.000,41.688025852,-87.615668353,"
,  
(41.688025852, -87.615668353)"
600,14001069,JJ455515,2025-10-17T05:58:00.000,045XX S DREXEL BLVD,0560,ASSAULT,SIMPLE,NURSING / RETIREMENT HOME,False,False,222,2,4,39,08A,1183083.0,1875187.0,2025,2025-10-25T15:43:27.000,41.812713636,-87.603963101,"
,  
(41.812713636, -87.603963101)"
601,14000455,JJ454701,2025-10-17T05:50:00.000,076XX S BENNETT AVE,031A,ROBBERY,ARMED - HANDGUN,SIDEWALK,False,False,414,4,8,43,03,1190193.0,1854791.0,2025,2025-10-25T15:43:27.000,41.756576973,-87.578540684,"
,  
(41.756576973, -87.578540684)"
602,14000720,JJ455105,2025-10-17T05:45:00.000,004XX N ABERDEEN ST,0810,THEFT,OVER $500,STREET,False,False,1214,12,27,24,06,1169066.0,1902940.0,2025,2025-10-25T15:43:27.000,41.889185237,-87.654572777,"
,  
(41.889185237, -87.654572777)"
603,14000287,JJ454630,2025-10-17T05:43:00.000,064XX N RAVENSWOOD AVE,0460,BATTERY,SIMPLE,STREET,False,False,2432,24,40,1,08B,1163180.0,1943029.0,2025,2025-10-25T15:43:27.000,41.999317342,-87.675057842,"
,  
(41.999317342, -87.675057842)"
604,14000281,JJ454706,2025-10-17T05:42:00.000,042XX W PALMER ST,0810,THEFT,OVER $500,STREET,False,False,2522,25,35,20,06,1147939.0,1914289.0,2025,2025-10-25T15:43:27.000,41.920760437,-87.731867782,"
,  
(41.920760437, -87.731867782)"
605,14000273,JJ454655,2025-10-17T05:42:00.000,079XX S PAXTON AVE,0320,ROBBERY,STRONG ARM - NO WEAPON,APARTMENT,False,True,414,4,7,46,03,1192243.0,1852787.0,2025,2025-10-25T15:43:27.000,41.75102823,-87.571093025,"
,  
(41.75102823, -87.571093025)"
606,14000470,JJ454662,2025-10-17T05:25:00.000,027XX S INDIANA AVE,0620,BURGLARY,UNLAWFUL ENTRY,APARTMENT,False,False,133,1,4,35,05,1178044.0,1886556.0,2025,2025-10-25T15:43:27.000,41.844026941,-87.622100808,"
,  
(41.844026941, -87.622100808)"
607,14000261,JJ454652,2025-10-17T05:25:00.000,050XX W 55TH ST,0810,THEFT,OVER $500,AIRPORT PARKING LOT,False,False,814,8,23,56,06,1143591.0,1867678.0,2025,2025-10-25T15:43:27.000,41.792936194,-87.749008923,"
,  
(41.792936194, -87.749008923)"
608,14000238,JJ454626,2025-10-17T05:20:00.000,039XX W BERTEAU AVE,1320,CRIMINAL DAMAGE,TO VEHICLE,STREET,False,False,1723,17,39,16,14,1149161.0,1927617.0,2025,2025-10-25T15:43:27.000,41.957309978,-87.727031509,"
,  
(41.957309978, -87.727031509)"
609,14000233,JJ454621,2025-10-17T05:16:00.000,007XX E 80TH ST,1320,CRIMINAL DAMAGE,TO VEHICLE,APARTMENT,False,False,631,6,6,44,14,1182706.0,1852127.0,2025,2025-10-25T15:43:27.000,41.749443657,-87.606061317,"
,  
(41.749443657, -87.606061317)"
610,14000328,JJ454835,2025-10-17T05:15:00.000,018XX W OHIO ST,1365,CRIMINAL TRESPASS,TO RESIDENCE,RESIDENCE - PORCH / HALLWAY,False,False,1221,12,36,24,26,1163993.0,1904047.0,2025,2025-10-25T15:43:27.000,41.892331537,-87.673171534,"
,  
(41.892331537, -87.673171534)"
611,14000251,JJ454641,2025-10-17T05:03:00.000,050XX N KIMBALL AVE,4387,OTHER OFFENSE,VIOLATE ORDER OF PROTECTION,APARTMENT,True,True,1712,17,39,13,26,1152799.0,1933479.0,2025,2025-10-25T15:43:27.000,41.973324272,-87.713501106,"
,  
(41.973324272, -87.713501106)"
612,14000211,JJ454613,2025-10-17T05:00:00.000,081XX S HERMITAGE AVE,1320,CRIMINAL DAMAGE,TO VEHICLE,STREET,False,False,614,6,17,71,14,1166095.0,1850733.0,2025,2025-10-25T15:43:27.000,41.745987489,-87.666970249,"
,  
(41.745987489, -87.666970249)"
613,14000934,JJ455300,2025-10-17T05:00:00.000,007XX W 61ST ST,0620,BURGLARY,UNLAWFUL ENTRY,APARTMENT,False,False,711,7,16,68,05,1172380.0,1864419.0,2025,2025-10-25T15:43:27.000,41.783407674,-87.643538564,"
,  
(41.783407674, -87.643538564)"
614,14000272,JJ454631,2025-10-17T05:00:00.000,0000X W BURTON PL,1320,CRIMINAL DAMAGE,TO VEHICLE,DRIVEWAY - RESIDENTIAL,False,False,1824,18,2,8,14,1175816.0,1910386.0,2025,2025-10-25T15:43:27.000,41.909468236,-87.629559989,"
,  
(41.909468236, -87.629559989)"
615,14000245,JJ454690,2025-10-17T05:00:00.000,078XX S DAMEN AVE,1320,CRIMINAL DAMAGE,TO VEHICLE,STREET,False,False,611,6,17,71,14,1164388.0,1852663.0,2025,2025-10-25T15:43:27.000,41.751319797,-87.673170815,"
,  
(41.751319797, -87.673170815)"
616,14000231,JJ454616,2025-10-17T04:52:00.000,019XX N WESTERN AVE,0460,BATTERY,SIMPLE,CTA PLATFORM,False,False,1434,14,1,22,08B,1160062.0,1912639.0,2025,2025-10-25T15:43:27.000,41.915990756,-87.687370839,"
,  
(41.915990756, -87.687370839)"
617,14000307,JJ454700,2025-10-17T04:47:00.000,042XX S CAMPBELL AVE,0910,MOTOR VEHICLE THEFT,AUTOMOBILE,STREET,False,False,921,9,12,58,07,1160396.0,1876520.0,2025,2025-10-25T15:43:27.000,41.816869798,-87.687142611,"
,  
(41.816869798, -87.687142611)"
618,14000250,JJ454617,2025-10-17T04:46:00.000,013XX S MILLARD AVE,0910,MOTOR VEHICLE THEFT,AUTOMOBILE,STREET,False,False,1011,10,24,29,07,1152252.0,1893604.0,2025,2025-10-25T15:43:27.000,41.863914615,-87.716567106,"
,  
(41.863914615, -87.716567106)"
619,14001199,JJ454636,2025-10-17T04:41:00.000,028XX W 36TH ST,1320,CRIMINAL DAMAGE,TO VEHICLE,STREET,False,False,911,9,12,58,14,1158064.0,1880652.0,2025,2025-10-25T15:43:27.000,41.828256319,-87.69558452,"
,  
(41.828256319, -87.69558452)"
620,14000282,JJ454710,2025-10-17T04:25:00.000,035XX W LE MOYNE ST,2826,OTHER OFFENSE,HARASSMENT BY ELECTRONIC MEANS,APARTMENT,False,False,1422,14,26,23,26,1152485.0,1909740.0,2025,2025-10-25T15:43:27.000,41.908188866,-87.715285145,"
,  
(41.908188866, -87.715285145)"
621,14001039,JJ455577,2025-10-17T04:24:00.000,001XX W 74TH ST,0610,BURGLARY,FORCIBLE ENTRY,APARTMENT,False,False,731,7,6,69,05,1176547.0,1855921.0,2025,2025-10-25T15:43:27.000,41.759995481,-87.628516335,"
,  
(41.759995481, -87.628516335)"
622,14000314,JJ454624,2025-10-17T04:19:00.000,083XX S ELLIS AVE,1310,CRIMINAL DAMAGE,TO PROPERTY,APARTMENT,False,True,632,6,8,44,14,1184339.0,1849858.0,2025,2025-10-25T15:43:27.000,41.74317925,-87.600148257,"
,  
(41.74317925, -87.600148257)"
623,14000232,JJ454607,2025-10-17T04:14:00.000,076XX S CONSTANCE AVE,1310,CRIMINAL DAMAGE,TO PROPERTY,RESIDENCE,False,False,414,4,8,43,14,1189865.0,1854586.0,2025,2025-10-25T15:43:27.000,41.756022326,-87.579749303,"
,  
(41.756022326, -87.579749303)"
624,14006183,JJ461858,2025-10-17T04:07:00.000,071XX S JEFFERY BLVD,0560,ASSAULT,SIMPLE,STREET,False,False,333,3,5,43,08A,1190784.0,1857875.0,2025,2025-10-25T15:43:27.000,41.765025476,-87.576275351,"
,  
(41.765025476, -87.576275351)"
625,14004392,JJ459765,2025-10-17T04:00:00.000,006XX N DEARBORN ST,0810,THEFT,OVER $500,STREET,False,False,1832,18,42,8,06,1175825.0,1904582.0,2025,2025-10-25T15:43:27.000,41.893541578,-87.629701805,"
,  
(41.893541578, -87.629701805)"
626,14004840,JJ460370,2025-10-17T04:00:00.000,032XX N HALSTED ST,0281,CRIMINAL SEXUAL ASSAULT,NON-AGGRAVATED,COMMERCIAL / BUSINESS OFFICE,False,False,1924,19,44,6,02,1170348.0,1921937.0,2025,2025-10-25T15:43:27.000,41.941286092,-87.649308375,"
,  
(41.941286092, -87.649308375)"
627,14000327,JJ454600,2025-10-17T03:48:00.000,011XX N DEARBORN ST,041A,BATTERY,AGGRAVATED - HANDGUN,SIDEWALK,False,False,1824,18,2,8,04B,1175722.0,1908194.0,2025,2025-10-25T15:43:27.000,41.903455403,-87.629971327,"
,  
(41.903455403, -87.629971327)"
628,14000200,JJ454602,2025-10-17T03:37:00.000,082XX S SAWYER AVE,0920,MOTOR VEHICLE THEFT,ATTEMPT - AUTOMOBILE,STREET,False,False,834,8,18,70,07,1156150.0,1849743.0,2025,2025-10-25T15:43:27.000,41.743476329,-87.703437639,"
,  
(41.743476329, -87.703437639)"
629,14001072,JJ455684,2025-10-17T03:30:00.000,038XX W 26TH ST,0820,THEFT,$500 AND UNDER,VEHICLE NON-COMMERCIAL,False,False,1031,10,22,30,06,1150998.0,1886444.0,2025,2025-10-25T15:43:27.000,41.844291335,-87.721357844,"
,  
(41.844291335, -87.721357844)"
630,14000545,JJ454963,2025-10-17T03:30:00.000,054XX S ARCHER AVE,0320,ROBBERY,STRONG ARM - NO WEAPON,HOTEL / MOTEL,False,True,814,8,23,56,03,1144801.0,1869688.0,2025,2025-10-25T15:43:27.000,41.798429303,-87.744521435,"
,  
(41.798429303, -87.744521435)"
631,14000695,JJ455273,2025-10-17T03:30:00.000,052XX S MARSHFIELD AVE,0710,THEFT,THEFT FROM MOTOR VEHICLE,STREET,False,False,932,9,16,61,06,1166231.0,1869933.0,2025,2025-10-25T15:43:27.000,41.798671915,-87.66592596,"
,  
(41.798671915, -87.66592596)"
632,14002135,JJ456822,2025-10-17T03:30:00.000,023XX W PRATT BLVD,0710,THEFT,THEFT FROM MOTOR VEHICLE,STREET,False,False,2411,24,40,2,06,1159452.0,1945090.0,2025,2025-10-25T15:43:27.000,42.005050621,-87.688715058,"
,  
(42.005050621, -87.688715058)"
633,14000188,JJ454596,2025-10-17T03:30:00.000,120XX S BISHOP ST,0486,BATTERY,DOMESTIC BATTERY SIMPLE,RESIDENCE,False,True,524,5,21,53,08B,1168840.0,1824898.0,2025,2025-10-25T15:43:27.000,41.675033453,-87.657654813,"
,  
(41.675033453, -87.657654813)"
634,14000202,JJ454601,2025-10-17T03:29:00.000,057XX S ARCHER AVE,1320,CRIMINAL DAMAGE,TO VEHICLE,PARKING LOT / GARAGE (NON RESIDENTIAL),True,False,814,8,23,56,14,1141369.0,1868972.0,2025,2025-10-25T15:43:27.000,41.796528302,-87.757125085,"
,  
(41.796528302, -87.757125085)"
635,14000640,JJ454599,2025-10-17T03:15:00.000,113XX S EDBROOKE AVE,051A,ASSAULT,AGGRAVATED - HANDGUN,RESIDENCE,False,True,531,5,9,49,04A,1179224.0,1829780.0,2025,2025-10-25T15:43:27.000,41.688200651,-87.619499636,"
,  
(41.688200651, -87.619499636)"
636,14000225,JJ454597,2025-10-17T03:03:00.000,120XX S PARNELL AVE,0486,BATTERY,DOMESTIC BATTERY SIMPLE,RESIDENCE,False,True,523,5,21,53,08B,1174809.0,1824995.0,2025,2025-10-25T15:43:27.000,41.675169117,-87.635804375,"
,  
(41.675169117, -87.635804375)"
637,14004252,JJ459502,2025-10-17T03:00:00.000,122XX S LOOMIS ST,1320,CRIMINAL DAMAGE,TO VEHICLE,STREET,False,False,524,5,21,53,14,1169215.0,1823620.0,2025,2025-10-25T15:43:27.000,41.671518322,-87.656318996,"
,  
(41.671518322, -87.656318996)"
638,14003729,JJ458972,2025-10-17T03:00:00.000,041XX W HARRISON ST,1242,DECEPTIVE PRACTICE,COMPUTER FRAUD,RESIDENCE,False,False,1132,11,24,26,11,1148683.0,1897033.0,2025,2025-10-25T15:43:27.000,41.873393811,-87.729580318,"
,  
(41.873393811, -87.729580318)"
639,14000213,JJ454590,2025-10-17T03:00:00.000,091XX S ADA ST,0910,MOTOR VEHICLE THEFT,AUTOMOBILE,STREET,False,False,2222,22,21,73,07,1168935.0,1844129.0,2025,2025-10-25T15:43:27.000,41.727804347,-87.656754121,"
,  
(41.727804347, -87.656754121)"
640,14000181,JJ454592,2025-10-17T02:58:00.000,081XX S ELLIS AVE,1320,CRIMINAL DAMAGE,TO VEHICLE,STREET,False,False,631,6,8,44,14,1184307.0,1851311.0,2025,2025-10-25T15:43:27.000,41.747167184,-87.600220148,"
,  
(41.747167184, -87.600220148)"
641,14000172,JJ454591,2025-10-17T02:52:00.000,077XX S CONSTANCE AVE,141A,WEAPONS VIOLATION,UNLAWFUL USE - HANDGUN,STREET,False,False,414,4,8,43,15,1189877.0,1854120.0,2025,2025-10-25T15:43:27.000,41.754743293,-87.579720286,"
,  
(41.754743293, -87.579720286)"
642,14000185,JJ454593,2025-10-17T02:50:00.000,004XX N SPRINGFIELD AVE,0460,BATTERY,SIMPLE,SIDEWALK,False,False,1122,11,37,23,08B,1150310.0,1902686.0,2025,2025-10-25T15:43:27.000,41.888874703,-87.723459252,"
,  
(41.888874703, -87.723459252)"
643,14000807,JJ455483,2025-10-17T02:48:00.000,010XX W CHICAGO AVE,0820,THEFT,$500 AND UNDER,CTA BUS,False,False,1213,12,27,24,06,1169103.0,1905527.0,2025,2025-10-25T15:43:27.000,41.896283335,-87.654361719,"
,  
(41.896283335, -87.654361719)"
644,14000187,JJ454580,2025-10-17T02:30:00.000,031XX W MONTROSE AVE,0460,BATTERY,SIMPLE,SIDEWALK,False,False,1724,17,33,14,08B,1154455.0,1929069.0,2025,2025-10-25T15:43:27.000,41.961189928,-87.707530029,"
,  
(41.961189928, -87.707530029)"
645,14000214,JJ454579,2025-10-17T02:28:00.000,003XX W OAK ST,1320,CRIMINAL DAMAGE,TO VEHICLE,STREET,False,False,1823,18,27,8,14,1173622.0,1907100.0,2025,2025-10-25T15:43:27.000,41.900500399,-87.637717596,"
,  
(41.900500399, -87.637717596)"
646,14000162,JJ454595,2025-10-17T02:28:00.000,039XX W 103RD ST,0560,ASSAULT,SIMPLE,SMALL RETAIL STORE,False,False,2211,22,19,74,08A,1151669.0,1836013.0,2025,2025-10-25T15:43:27.000,41.705887536,-87.720214826,"
,  
(41.705887536, -87.720214826)"
647,14000179,JJ454583,2025-10-17T02:25:00.000,102XX S ABERDEEN ST,0560,ASSAULT,SIMPLE,RESIDENCE,False,True,2232,22,21,73,08A,1170792.0,1836944.0,2025,2025-10-25T15:43:27.000,41.708047388,-87.65016046,"
,  
(41.708047388, -87.65016046)"
648,14000173,JJ454588,2025-10-17T02:22:00.000,045XX W DEMING PL,1320,CRIMINAL DAMAGE,TO VEHICLE,RESIDENCE - YARD (FRONT / BACK),False,False,2521,25,31,20,14,1145758.0,1916658.0,2025,2025-10-25T15:43:27.000,41.9273029,-87.739821074,"
,  
(41.9273029, -87.739821074)"
649,14000182,JJ454584,2025-10-17T02:20:00.000,010XX W BRYN MAWR AVE,0890,THEFT,FROM BUILDING,APARTMENT,True,False,2022,20,48,77,06,1168062.0,1937365.0,2025,2025-10-25T15:43:27.000,41.983670812,-87.657262868,"
,  
(41.983670812, -87.657262868)"
650,14000165,JJ454589,2025-10-17T02:16:00.000,061XX N TALMAN AVE,1477,WEAPONS VIOLATION,RECKLESS FIREARM DISCHARGE,ALLEY,True,False,2413,24,40,2,15,1157552.0,1940664.0,2025,2025-10-25T15:43:27.000,41.992944548,-87.695826517,"
,  
(41.992944548, -87.695826517)"
651,14000198,JJ454578,2025-10-17T02:16:00.000,061XX N TALMAN AVE,143A,WEAPONS VIOLATION,UNLAWFUL POSSESSION - HANDGUN,STREET,True,False,2413,24,40,2,15,1157552.0,1940664.0,2025,2025-10-25T15:43:27.000,41.992944548,-87.695826517,"
,  
(41.992944548, -87.695826517)"
652,14003046,JJ455900,2025-10-17T02:15:00.000,026XX W AUGUSTA BLVD,1750,OFFENSE INVOLVING CHILDREN,CHILD ABUSE,APARTMENT,False,True,1211,12,36,24,08B,1158539.0,1906552.0,2025,2025-10-25T15:43:27.000,41.899318877,-87.693133164,"
,  
(41.899318877, -87.693133164)"
653,14001272,JJ454575,2025-10-17T02:10:00.000,065XX S WHIPPLE ST,1320,CRIMINAL DAMAGE,TO VEHICLE,STREET,False,False,831,8,15,66,14,1157175.0,1861177.0,2025,2025-10-25T15:43:27.000,41.774832353,-87.699373194,"
,  
(41.774832353, -87.699373194)"
654,14000184,JJ454582,2025-10-17T02:09:00.000,056XX S NAGLE AVE,0930,MOTOR VEHICLE THEFT,THEFT / RECOVERY - AUTOMOBILE,STREET,False,False,811,8,13,56,07,1134346.0,1866511.0,2025,2025-10-25T15:43:27.000,41.789901167,-87.782937396,"
,  
(41.789901167, -87.782937396)"
655,14000835,JJ455429,2025-10-17T02:01:00.000,016XX S HOMAN AVE,0560,ASSAULT,SIMPLE,APARTMENT,False,True,1021,10,24,29,08A,1153974.0,1891431.0,2025,2025-10-25T15:43:27.000,41.857917537,-87.710303573,"
,  
(41.857917537, -87.710303573)"
656,14002803,JJ457112,2025-10-17T02:00:00.000,037XX S WALLACE ST,0810,THEFT,OVER $500,STREET,False,False,915,9,11,60,06,1172909.0,1880204.0,2025,2025-10-25T15:43:27.000,41.82671165,-87.641132985,"
,  
(41.82671165, -87.641132985)"
657,14000321,JJ454785,2025-10-17T02:00:00.000,040XX W 24TH PL,2820,OTHER OFFENSE,TELEPHONE THREAT,RESIDENCE,False,True,1013,10,22,30,08A,1149930.0,1887418.0,2025,2025-10-25T15:43:27.000,41.846984932,-87.725251947,"
,  
(41.846984932, -87.725251947)"
658,14000246,JJ454625,2025-10-17T02:00:00.000,069XX S CLYDE AVE,0910,MOTOR VEHICLE THEFT,AUTOMOBILE,STREET,False,False,331,3,5,43,07,1191409.0,1859383.0,2025,2025-10-25T15:43:27.000,41.769148429,-87.573935785,"
,  
(41.769148429, -87.573935785)"
659,14000291,JJ454786,2025-10-17T02:00:00.000,013XX N HUDSON AVE,1320,CRIMINAL DAMAGE,TO VEHICLE,STREET,False,False,1821,18,27,8,14,1173068.0,1909520.0,2025,2025-10-25T15:43:27.000,41.907153315,-87.639680572,"
,  
(41.907153315, -87.639680572)"
660,14000178,JJ454585,2025-10-17T01:57:00.000,023XX S PULASKI RD,1710,OFFENSE INVOLVING CHILDREN,ENDANGERING LIFE / HEALTH OF CHILD,VEHICLE NON-COMMERCIAL,True,False,1013,10,22,29,20,1150084.0,1887933.0,2025,2025-10-25T15:43:27.000,41.848395163,-87.724673369,"
,  
(41.848395163, -87.724673369)"
661,14000161,JJ454564,2025-10-17T01:49:00.000,052XX N KENMORE AVE,502P,OTHER OFFENSE,FALSE / STOLEN / ALTERED TRP,STREET,False,False,2023,20,48,77,26,1168305.0,1935024.0,2025,2025-10-25T15:43:27.000,41.977241781,-87.6564372,"
,  
(41.977241781, -87.6564372)"
662,14001773,JJ456626,2025-10-17T01:30:00.000,042XX N FRANCISCO AVE,1320,CRIMINAL DAMAGE,TO VEHICLE,DRIVEWAY - RESIDENTIAL,False,False,1724,17,33,16,14,1156286.0,1928089.0,2025,2025-10-25T15:43:27.000,41.958463857,-87.700824867,"
,  
(41.958463857, -87.700824867)"
663,14003259,JJ458339,2025-10-17T01:30:00.000,055XX N SHERIDAN RD,0810,THEFT,OVER $500,STREET,False,False,2023,20,48,77,06,1168638.0,1936927.0,2025,2025-10-25T15:43:27.000,41.982456434,-87.655157207,"
,  
(41.982456434, -87.655157207)"
664,14004829,JJ460071,2025-10-17T01:30:00.000,058XX W MADISON ST,0820,THEFT,$500 AND UNDER,BAR OR TAVERN,False,False,1513,15,29,25,06,1137542.0,1899421.0,2025,2025-10-25T15:43:27.000,41.880154562,-87.770427547,"
,  
(41.880154562, -87.770427547)"
665,14001270,JJ454570,2025-10-17T01:30:00.000,082XX S EXCHANGE AVE,1320,CRIMINAL DAMAGE,TO VEHICLE,RESIDENCE,False,False,424,4,7,46,14,1197255.0,1851012.0,2025,2025-10-25T15:43:27.000,41.746034186,-87.552785975,"
,  
(41.746034186, -87.552785975)"
666,14000156,JJ454559,2025-10-17T01:29:00.000,009XX S INDEPENDENCE BLVD,0486,BATTERY,DOMESTIC BATTERY SIMPLE,APARTMENT,False,True,1133,11,24,29,08B,1151402.0,1895664.0,2025,2025-10-25T15:43:27.000,41.869584206,-87.719633377,"
,  
(41.869584206, -87.719633377)"
667,14000120,JJ454562,2025-10-17T01:28:00.000,077XX N EASTLAKE TER,0486,BATTERY,DOMESTIC BATTERY SIMPLE,APARTMENT,False,True,2422,24,49,1,08B,1165747.0,1951192.0,2025,2025-10-25T15:43:27.000,42.021662207,-87.665380271,"
,  
(42.021662207, -87.665380271)"
668,14000176,JJ454581,2025-10-17T01:27:00.000,026XX W 21ST PL,1310,CRIMINAL DAMAGE,TO PROPERTY,RESIDENCE,False,False,1023,10,25,30,14,1159046.0,1889628.0,2025,2025-10-25T15:43:27.000,41.852867412,-87.691735631,"
,  
(41.852867412, -87.691735631)"
669,14000154,JJ454568,2025-10-17T01:23:00.000,024XX N HAMLIN AVE,4387,OTHER OFFENSE,VIOLATE ORDER OF PROTECTION,ALLEY,True,True,2524,25,35,22,26,1150637.0,1916022.0,2025,2025-10-25T15:43:27.000,41.925463588,-87.72190928,"
,  
(41.925463588, -87.72190928)"
670,14000235,JJ454629,2025-10-17T01:20:00.000,005XX S KEDZIE AVE,0820,THEFT,$500 AND UNDER,CTA TRAIN,False,False,1134,11,24,27,06,1155124.0,1897322.0,2025,2025-10-25T15:43:27.000,41.874060099,-87.705924314,"
,  
(41.874060099, -87.705924314)"
671,14000133,JJ454566,2025-10-17T01:14:00.000,043XX W 47TH ST,1477,WEAPONS VIOLATION,RECKLESS FIREARM DISCHARGE,GAS STATION,False,False,815,8,14,57,15,1148274.0,1873116.0,2025,2025-10-25T15:43:27.000,41.807770266,-87.731697075,"
,  
(41.807770266, -87.731697075)"
672,14000143,JJ454555,2025-10-17T01:10:00.000,017XX E 71ST PL,1365,CRIMINAL TRESPASS,TO RESIDENCE,APARTMENT,False,True,324,3,7,43,26,1189224.0,1857920.0,2025,2025-10-25T15:43:27.000,41.765186495,-87.581991672,"
,  
(41.765186495, -87.581991672)"
673,14000193,JJ454551,2025-10-17T01:10:00.000,001XX N JEFFERSON ST,0486,BATTERY,DOMESTIC BATTERY SIMPLE,HOTEL / MOTEL,False,True,121,1,34,28,08B,1172311.0,1900981.0,2025,2025-10-25T15:43:27.000,41.883738563,-87.642713824,"
,  
(41.883738563, -87.642713824)"
674,14000454,JJ454734,2025-10-17T01:00:00.000,031XX S LOWE AVE,0910,MOTOR VEHICLE THEFT,AUTOMOBILE,STREET,False,False,915,9,11,60,07,1172475.0,1884113.0,2025,2025-10-25T15:43:27.000,41.837447879,-87.642609929,"
,  
(41.837447879, -87.642609929)"
675,14000704,JJ455266,2025-10-17T01:00:00.000,058XX N WESTERN AVE,1320,CRIMINAL DAMAGE,TO VEHICLE,STREET,False,False,2011,20,40,2,14,1159268.0,1938675.0,2025,2025-10-25T15:43:27.000,41.987451426,-87.689569439,"
,  
(41.987451426, -87.689569439)"
676,14000684,JJ455218,2025-10-17T01:00:00.000,007XX E 88TH PL,1153,DECEPTIVE PRACTICE,FINANCIAL IDENTITY THEFT OVER $ 300,RESIDENCE,False,False,632,6,8,44,11,1182748.0,1846460.0,2025,2025-10-25T15:43:27.000,41.733891808,-87.606082908,"
,  
(41.733891808, -87.606082908)"
677,14000705,JJ455231,2025-10-17T01:00:00.000,058XX N WESTERN AVE,0710,THEFT,THEFT FROM MOTOR VEHICLE,STREET,False,False,2011,20,40,2,06,1159268.0,1938675.0,2025,2025-10-25T15:43:27.000,41.987451426,-87.689569439,"
,  
(41.987451426, -87.689569439)"
678,14000219,JJ454553,2025-10-17T01:00:00.000,050XX N MEADE AVE,0330,ROBBERY,AGGRAVATED,STREET,False,False,1622,16,45,11,03,1134538.0,1933181.0,2025,2025-10-25T15:43:27.000,41.972849449,-87.780659072,"
,  
(41.972849449, -87.780659072)"
679,14000270,JJ454684,2025-10-17T01:00:00.000,008XX N DEARBORN ST,0820,THEFT,$500 AND UNDER,STREET,False,False,1832,18,42,8,06,1175791.0,1905907.0,2025,2025-10-25T15:43:27.000,41.897178211,-87.62978677,"
,  
(41.897178211, -87.62978677)"
680,14000220,JJ454540,2025-10-17T00:52:00.000,130XX S ELLIS AVE,041A,BATTERY,AGGRAVATED - HANDGUN,VEHICLE NON-COMMERCIAL,False,False,533,5,10,54,04B,1185305.0,1818871.0,2025,2025-10-25T15:43:27.000,41.658124414,-87.597578775,"
,  
(41.658124414, -87.597578775)"
681,14000160,JJ454550,2025-10-17T00:49:00.000,035XX W POLK ST,0620,BURGLARY,UNLAWFUL ENTRY,APARTMENT,False,False,1133,11,24,27,05,1152870.0,1896140.0,2025,2025-10-25T15:43:27.000,41.870861476,-87.714231302,"
,  
(41.870861476, -87.714231302)"
682,14000210,JJ454542,2025-10-17T00:48:00.000,009XX W 53RD ST,1310,CRIMINAL DAMAGE,TO PROPERTY,APARTMENT,True,False,934,9,16,61,14,1170959.0,1869651.0,2025,2025-10-25T15:43:27.000,41.797796034,-87.648595643,"
,  
(41.797796034, -87.648595643)"
683,14000186,JJ454543,2025-10-17T00:45:00.000,014XX N LOTUS AVE,0486,BATTERY,DOMESTIC BATTERY SIMPLE,RESIDENCE,True,True,2532,25,37,25,08B,1139751.0,1909021.0,2025,2025-10-25T15:43:27.000,41.906458097,-87.762081541,"
,  
(41.906458097, -87.762081541)"
684,14000189,JJ454547,2025-10-17T00:37:00.000,013XX W 63RD ST,0545,ASSAULT,"PROTECTED EMPLOYEE - HANDS, FISTS, FEET, NO / MINOR INJURY",STREET,True,False,713,7,16,67,08A,1168157.0,1862978.0,2025,2025-10-25T15:43:27.000,41.779545315,-87.659062937,"
,  
(41.779545315, -87.659062937)"
685,14000237,JJ454549,2025-10-17T00:37:00.000,020XX E HAYES DR,051A,ASSAULT,AGGRAVATED - HANDGUN,STREET,True,False,331,3,5,42,04A,1191046.0,1863594.0,2025,2025-10-25T15:43:27.000,41.780712518,-87.575130262,"
,  
(41.780712518, -87.575130262)"
686,14000137,JJ454537,2025-10-17T00:34:00.000,114XX S FOREST AVE,1320,CRIMINAL DAMAGE,TO VEHICLE,STREET,False,False,531,5,9,49,14,1180285.0,1829253.0,2025,2025-10-25T15:43:27.000,41.686730296,-87.615631496,"
,  
(41.686730296, -87.615631496)"
687,14001137,JJ455662,2025-10-17T00:30:00.000,047XX N WINTHROP AVE,0620,BURGLARY,UNLAWFUL ENTRY,APARTMENT,False,False,1914,19,46,3,05,1168012.0,1931591.0,2025,2025-10-25T15:43:27.000,41.967827873,-87.657614266,"
,  
(41.967827873, -87.657614266)"
688,14001331,JJ455971,2025-10-17T00:30:00.000,011XX E 54TH ST,0620,BURGLARY,UNLAWFUL ENTRY,RESIDENCE,False,False,233,2,5,41,05,1184502.0,1869823.0,2025,2025-10-25T15:43:27.000,41.797961247,-87.598926377,"
,  
(41.797961247, -87.598926377)"
689,14000195,JJ454534,2025-10-17T00:26:00.000,047XX S INDIANA AVE,0498,BATTERY,"AGG. DOMESTIC BATTERY - HANDS, FISTS, FEET, SERIOUS INJURY",APARTMENT,False,True,224,2,3,38,04B,1178396.0,1873708.0,2025,2025-10-25T15:43:27.000,41.808763007,-87.621199872,"
,  
(41.808763007, -87.621199872)"
690,14002148,JJ454522,2025-10-17T00:20:00.000,007XX W 48TH PL,0430,BATTERY,AGGRAVATED - OTHER DANGEROUS WEAPON,RESIDENCE - PORCH / HALLWAY,False,False,935,9,15,61,04B,1172156.0,1872707.0,2025,2025-10-25T15:43:27.000,41.806155768,-87.644116202,"
,  
(41.806155768, -87.644116202)"
691,14000147,JJ454524,2025-10-17T00:15:00.000,044XX W FULLERTON AVE,502P,OTHER OFFENSE,FALSE / STOLEN / ALTERED TRP,STREET,True,False,2522,25,31,20,26,1146567.0,1915592.0,2025,2025-10-25T15:43:27.000,41.92436229,-87.73687555,"
,  
(41.92436229, -87.73687555)"
692,14000209,JJ454536,2025-10-17T00:13:00.000,090XX S DANTE AVE,0610,BURGLARY,FORCIBLE ENTRY,RESIDENCE,False,False,413,4,8,48,05,1187367.0,1845118.0,2025,2025-10-25T15:43:27.000,41.730100872,-87.589203832,"
,  
(41.730100872, -87.589203832)"
693,14000166,JJ454538,2025-10-17T00:10:00.000,026XX N CENTRAL AVE,0820,THEFT,$500 AND UNDER,PARKING LOT / GARAGE (NON RESIDENTIAL),False,False,2514,25,30,19,06,1138586.0,1917193.0,2025,2025-10-25T15:43:27.000,41.928904199,-87.766162578,"
,  
(41.928904199, -87.766162578)"
694,14000090,JJ454519,2025-10-17T00:10:00.000,001XX N STATE ST,3731,INTERFERENCE WITH PUBLIC OFFICER,OBSTRUCTING IDENTIFICATION,CTA TRAIN,True,False,111,1,42,32,24,1176330.0,1901649.0,2025,2025-10-25T15:43:27.000,41.885481891,-87.627935689,"
,  
(41.885481891, -87.627935689)"
695,14000207,JJ454561,2025-10-17T00:07:00.000,064XX S INGLESIDE AVE,0261,CRIMINAL SEXUAL ASSAULT,AGGRAVATED - HANDGUN,APARTMENT,False,False,314,3,20,42,02,1183830.0,1862582.0,2025,2025-10-25T15:43:27.000,41.778107051,-87.601616674,"
,  
(41.778107051, -87.601616674)"
696,14000192,JJ454525,2025-10-17T00:03:00.000,081XX S COTTAGE GROVE AVE,1310,CRIMINAL DAMAGE,TO PROPERTY,COMMERCIAL / BUSINESS OFFICE,False,False,631,6,6,44,14,1182970.0,1851287.0,2025,2025-10-25T15:43:27.000,41.74713248,-87.605119975,"
,  
(41.74713248, -87.605119975)"
697,14000333,JJ454768,2025-10-17T00:01:00.000,025XX E 101ST ST,0917,MOTOR VEHICLE THEFT,"CYCLE, SCOOTER, BIKE WITH VIN",STREET,False,False,431,4,7,51,07,1194945.0,1838497.0,2025,2025-10-25T15:43:27.000,41.711749104,-87.561661232,"
,  
(41.711749104, -87.561661232)"
698,14002016,JJ456188,2025-10-17T00:00:00.000,008XX N MOZART ST,0820,THEFT,$500 AND UNDER,RESIDENCE,False,False,1211,12,36,24,06,1157232.0,1905478.0,2025,2025-10-24T15:42:34.000,41.896398389,-87.697962979,"
,  
(41.896398389, -87.697962979)"
699,14001940,JJ456611,2025-10-17T00:00:00.000,003XX E ERIE ST,2825,OTHER OFFENSE,HARASSMENT BY TELEPHONE,APARTMENT,False,False,1834,18,2,8,26,1178747.0,1904857.0,2025,2025-10-24T15:42:34.000,41.894229934,-87.618962047,"
,  
(41.894229934, -87.618962047)"
700,14004930,JJ460356,2025-10-17T00:00:00.000,055XX W VAN BUREN ST,1156,DECEPTIVE PRACTICE,ATTEMPT - FINANCIAL IDENTITY THEFT,BANK,False,False,1522,15,29,25,11,1139662.0,1897467.0,2025,2025-10-24T15:42:34.000,41.87475411,-87.762690738,"
,  
(41.87475411, -87.762690738)"
701,14001075,JJ455694,2025-10-17T00:00:00.000,007XX W GARFIELD BLVD,1242,DECEPTIVE PRACTICE,COMPUTER FRAUD,APARTMENT,False,False,711,7,16,68,11,1172144.0,1868263.0,2025,2025-10-24T15:42:34.000,41.793961228,-87.644290868,"
,  
(41.793961228, -87.644290868)"
702,14005744,JJ461191,2025-10-17T00:00:00.000,074XX S CRANDON AVE,0820,THEFT,$500 AND UNDER,STREET,False,False,333,3,7,43,06,1192834.0,1856025.0,2025,2025-10-25T15:42:26.000,41.759899176,-87.568821907,"
,  
(41.759899176, -87.568821907)"
703,14001133,JJ455621,2025-10-17T00:00:00.000,013XX W WASHBURNE AVE,041A,BATTERY,AGGRAVATED - HANDGUN,SIDEWALK,False,False,1233,12,28,28,04B,1167691.0,1894516.0,2025,2025-10-24T15:42:34.000,41.866098868,-87.659865054,"
,  
(41.866098868, -87.659865054)"
704,14002794,JJ457852,2025-10-17T00:00:00.000,078XX S HOYNE AVE,2820,OTHER OFFENSE,TELEPHONE THREAT,RESIDENCE,False,True,611,6,18,71,08A,1163724.0,1852701.0,2025,2025-10-24T15:42:34.000,41.751438029,-87.675602996,"
,  
(41.751438029, -87.675602996)"
705,14005840,JJ461607,2025-10-17T00:00:00.000,016XX N KENTON AVE,1122,DECEPTIVE PRACTICE,COUNTERFEIT CHECK,APARTMENT,False,False,2533,25,37,23,10,1145589.0,1910569.0,2025,2025-10-25T15:42:26.000,41.910597283,-87.740596733,"
,  
(41.910597283, -87.740596733)"
706,14000568,JJ454738,2025-10-17T00:00:00.000,013XX W 95TH ST,1310,CRIMINAL DAMAGE,TO PROPERTY,BARBERSHOP,False,False,2222,22,21,73,14,1168771.0,1841752.0,2025,2025-10-24T15:42:34.000,41.721285041,-87.65742325,"
,  
(41.721285041, -87.65742325)"
707,14000438,JJ454877,2025-10-17T00:00:00.000,042XX S HALSTED ST,0710,THEFT,THEFT FROM MOTOR VEHICLE,PARKING LOT / GARAGE (NON RESIDENTIAL),False,False,925,9,11,61,06,1171677.0,1876735.0,2025,2025-10-24T15:42:34.000,41.817219532,-87.645754796,"
,  
(41.817219532, -87.645754796)"
708,14000939,JJ455322,2025-10-17T00:00:00.000,055XX W CONGRESS PKWY,0760,BURGLARY,BURGLARY FROM MOTOR VEHICLE,ALLEY,False,False,1522,15,29,25,06,1139758.0,1897140.0,2025,2025-10-24T15:42:34.000,41.873855027,-87.762346249,"
,  
(41.873855027, -87.762346249)"
709,14000286,JJ454758,2025-10-17T00:00:00.000,022XX S WOLCOTT AVE,0910,MOTOR VEHICLE THEFT,AUTOMOBILE,STREET,False,False,1034,10,25,31,07,1164056.0,1889026.0,2025,2025-10-24T15:42:34.000,41.851111271,-87.673364311,"
,  
(41.851111271, -87.673364311)"
710,14001253,JJ455799,2025-10-17T00:00:00.000,009XX E 80TH ST,1310,CRIMINAL DAMAGE,TO PROPERTY,APARTMENT,False,False,624,6,8,44,14,1184063.0,1852160.0,2025,2025-10-24T15:42:34.000,41.74950263,-87.601087746,"
,  
(41.74950263, -87.601087746)"
711,14000180,JJ454569,2025-10-16T23:59:00.000,122XX S STATE ST,0930,MOTOR VEHICLE THEFT,THEFT / RECOVERY - AUTOMOBILE,STREET,False,False,523,5,9,53,07,1178456.0,1823930.0,2025,2025-10-24T15:42:34.000,41.672164803,-87.622487903,"
,  
(41.672164803, -87.622487903)"
712,14000113,JJ454506,2025-10-16T23:49:00.000,106XX S ARTESIAN AVE,0486,BATTERY,DOMESTIC BATTERY SIMPLE,APARTMENT,True,True,2211,22,19,72,08B,1161926.0,1834087.0,2025,2025-10-24T15:42:34.000,41.700395722,-87.682707395,"
,  
(41.700395722, -87.682707395)"
713,14000117,JJ454532,2025-10-16T23:45:00.000,001XX N LOCKWOOD AVE,143A,WEAPONS VIOLATION,UNLAWFUL POSSESSION - HANDGUN,STREET,True,False,1523,15,37,25,15,1141019.0,1900701.0,2025,2025-10-24T15:42:34.000,41.883603754,-87.757628691,"
,  
(41.883603754, -87.757628691)"
714,14000106,JJ454513,2025-10-16T23:45:00.000,071XX S STATE ST,0810,THEFT,OVER $500,VEHICLE NON-COMMERCIAL,False,False,323,3,6,69,06,1177519.0,1857812.0,2025,2025-10-24T15:42:34.000,41.765162688,-87.624896894,"
,  
(41.765162688, -87.624896894)"
715,14001001,JJ454948,2025-10-16T23:45:00.000,013XX W Bryn Mawr Ave,1320,CRIMINAL DAMAGE,TO VEHICLE,STREET,False,False,2013,20,48,77,14,1166171.0,1937310.0,2025,2025-10-24T15:42:34.000,41.983560638,-87.664219187,"
,  
(41.983560638, -87.664219187)"
716,14000191,JJ454515,2025-10-16T23:33:00.000,003XX W ADAMS ST,0320,ROBBERY,STRONG ARM - NO WEAPON,SMALL RETAIL STORE,False,False,122,1,42,32,03,1174185.0,1899401.0,2025,2025-10-24T15:42:34.000,41.879361356,-87.635879544,"
,  
(41.879361356, -87.635879544)"
717,14000782,JJ455078,2025-10-16T23:30:00.000,095XX S MICHIGAN AVE,0820,THEFT,$500 AND UNDER,STREET,False,False,511,5,9,49,06,1178829.0,1841848.0,2025,2025-10-24T15:42:34.000,41.721325872,-87.620580034,"
,  
(41.721325872, -87.620580034)"
718,14001058,JJ455673,2025-10-16T23:30:00.000,039XX W 18TH ST,0910,MOTOR VEHICLE THEFT,AUTOMOBILE,STREET,False,False,1014,10,24,29,07,1150545.0,1891097.0,2025,2025-10-24T15:42:34.000,41.85706859,-87.722898905,"
,  
(41.85706859, -87.722898905)"
719,14000139,JJ454497,2025-10-16T23:30:00.000,032XX W DOUGLAS BLVD,2826,OTHER OFFENSE,HARASSMENT BY ELECTRONIC MEANS,APARTMENT,False,True,1022,10,24,29,26,1154821.0,1893269.0,2025,2025-10-24T15:42:34.000,41.862944305,-87.707145344,"
,  
(41.862944305, -87.707145344)"
720,14007198,JJ463056,2025-10-16T23:30:00.000,070XX S MARSHFIELD AVE,0820,THEFT,$500 AND UNDER,STREET,False,False,735,7,17,67,06,,,2025,2025-10-24T15:42:34.000,,,
721,14001108,JJ455033,2025-10-16T23:30:00.000,061XX S KILPATRICK AVE,2826,OTHER OFFENSE,HARASSMENT BY ELECTRONIC MEANS,APARTMENT,False,False,813,8,13,64,26,1146091.0,1863536.0,2025,2025-10-24T15:42:34.000,41.781522876,-87.739946388,"
,  
(41.781522876, -87.739946388)"
722,14000163,JJ454493,2025-10-16T23:30:00.000,011XX N KEELER AVE,0560,ASSAULT,SIMPLE,APARTMENT,False,False,1111,11,37,23,08A,1148167.0,1907469.0,2025,2025-10-24T15:42:34.000,41.902041291,-87.731205967,"
,  
(41.902041291, -87.731205967)"
723,14000144,JJ454494,2025-10-16T23:23:00.000,041XX S KEDZIE AVE,0520,ASSAULT,AGGRAVATED - KNIFE / CUTTING INSTRUMENT,STREET,True,True,921,9,12,58,04A,1155701.0,1876835.0,2025,2025-10-24T15:42:34.000,41.817829794,-87.704356723,"
,  
(41.817829794, -87.704356723)"
724,14000119,JJ454484,2025-10-16T23:11:00.000,044XX S WALLACE ST,0650,BURGLARY,HOME INVASION,APARTMENT,True,True,925,9,15,61,05,1173035.0,1875572.0,2025,2025-10-24T15:42:34.000,41.813998222,-87.640807685,"
,  
(41.813998222, -87.640807685)"
725,28918,JJ454465,2025-10-16T23:06:00.000,088XX S MARQUETTE AVE,0110,HOMICIDE,FIRST DEGREE MURDER,YARD,False,False,423,4,7,46,01A,1195790.0,1846928.0,2025,2025-10-24T15:42:34.000,41.7348637,-87.558288701,"
,  
(41.7348637, -87.558288701)"
726,14000236,JJ454502,2025-10-16T23:04:00.000,071XX S UNIVERSITY AVE,0486,BATTERY,DOMESTIC BATTERY SIMPLE,APARTMENT,False,True,324,3,5,69,08B,1185116.0,1857942.0,2025,2025-10-24T15:42:34.000,41.765344346,-87.597047835,"
,  
(41.765344346, -87.597047835)"
727,14000388,JJ454945,2025-10-16T23:00:00.000,088XX S COTTAGE GROVE AVE,0810,THEFT,OVER $500,STREET,False,False,632,6,8,44,06,1183112.0,1846383.0,2025,2025-10-24T15:42:34.000,41.733672063,-87.604751788,"
,  
(41.733672063, -87.604751788)"
728,14001083,JJ455704,2025-10-16T23:00:00.000,017XX W 18TH ST,0486,BATTERY,DOMESTIC BATTERY SIMPLE,APARTMENT,False,True,1234,12,25,31,08B,1164940.0,1891448.0,2025,2025-10-24T15:42:34.000,41.857738777,-87.670051176,"
,  
(41.857738777, -87.670051176)"
729,14004655,JJ459970,2025-10-16T23:00:00.000,061XX W FULLERTON AVE,0460,BATTERY,SIMPLE,SIDEWALK,False,False,2512,25,30,19,08B,1135255.0,1915305.0,2025,2025-10-24T15:42:34.000,41.923783122,-87.778448036,"
,  
(41.923783122, -87.778448036)"
730,14000099,JJ454473,2025-10-16T23:00:00.000,006XX E 38TH PL,1310,CRIMINAL DAMAGE,TO PROPERTY,APARTMENT,False,False,212,2,4,36,14,1181060.0,1879594.0,2025,2025-10-24T15:42:34.000,41.82485366,-87.611247567,"
,  
(41.82485366, -87.611247567)"
731,14000091,JJ454507,2025-10-16T22:55:00.000,015XX N LONG AVE,0917,MOTOR VEHICLE THEFT,"CYCLE, SCOOTER, BIKE WITH VIN",STREET,False,False,2532,25,37,25,07,1140068.0,1909754.0,2025,2025-10-24T15:42:34.000,41.908463735,-87.76089909,"
,  
(41.908463735, -87.76089909)"
732,14000107,JJ454487,2025-10-16T22:54:00.000,009XX S RACINE AVE,0486,BATTERY,DOMESTIC BATTERY SIMPLE,VEHICLE NON-COMMERCIAL,False,True,1231,12,28,28,08B,1168526.0,1895817.0,2025,2025-10-24T15:42:34.000,41.8696509,-87.656762076,"
,  
(41.8696509, -87.656762076)"
733,14000109,JJ454477,2025-10-16T22:53:00.000,062XX S KENWOOD AVE,1812,NARCOTICS,POSSESS - CANNABIS MORE THAN 30 GRAMS,ALLEY,True,False,314,3,20,42,18,1186146.0,1863916.0,2025,2025-10-24T15:42:34.000,41.781713269,-87.593084144,"
,  
(41.781713269, -87.593084144)"
734,14000199,JJ454508,2025-10-16T22:53:00.000,067XX S RIDGELAND AVE,1755,OFFENSE INVOLVING CHILDREN,CHILD ABANDONMENT,APARTMENT,False,True,332,3,5,43,20,1189029.0,1860541.0,2025,2025-10-24T15:42:34.000,41.772383409,-87.582622545,"
,  
(41.772383409, -87.582622545)"
735,14000092,JJ454459,2025-10-16T22:50:00.000,044XX S MICHIGAN AVE,143A,WEAPONS VIOLATION,UNLAWFUL POSSESSION - HANDGUN,ALLEY,True,False,215,2,3,38,15,1177898.0,1875651.0,2025,2025-10-24T15:42:34.000,41.814106078,-87.622967508,"
,  
(41.814106078, -87.622967508)"
736,14000082,JJ454461,2025-10-16T22:46:00.000,059XX N SHERIDAN RD,0560,ASSAULT,SIMPLE,PARK PROPERTY,False,False,2022,20,48,77,08A,1168558.0,1939567.0,2025,2025-10-24T15:42:34.000,41.989702392,-87.655374569,"
,  
(41.989702392, -87.655374569)"
737,14000101,JJ454466,2025-10-16T22:40:00.000,012XX W 51ST ST,0486,BATTERY,DOMESTIC BATTERY SIMPLE,APARTMENT,False,True,933,9,20,61,08B,1168730.0,1870957.0,2025,2025-10-24T15:42:34.000,41.801428277,-87.65673204,"
,  
(41.801428277, -87.65673204)"
738,14000141,JJ454481,2025-10-16T22:40:00.000,064XX S GREEN ST,0486,BATTERY,DOMESTIC BATTERY SIMPLE,APARTMENT,False,True,723,7,16,68,08B,1171746.0,1862055.0,2025,2025-10-24T15:42:34.000,41.776934517,-87.645932303,"
,  
(41.776934517, -87.645932303)"
739,14000074,JJ454488,2025-10-16T22:38:00.000,042XX W ROOSEVELT RD,0555,ASSAULT,AGGRAVATED PROTECTED EMPLOYEE - HANDGUN,CTA BUS,False,False,1011,10,24,29,04A,1148092.0,1894362.0,2025,2025-10-24T15:42:34.000,41.866075655,-87.731818911,"
,  
(41.866075655, -87.731818911)"
740,14000153,JJ454457,2025-10-16T22:30:00.000,023XX S KEDZIE AVE,041A,BATTERY,AGGRAVATED - HANDGUN,CASINO/GAMBLING ESTABLISHMENT,False,False,1024,10,25,30,04B,1155396.0,1888185.0,2025,2025-10-24T15:42:34.000,41.848981711,-87.705171101,"
,  
(41.848981711, -87.705171101)"
741,14000611,JJ455203,2025-10-16T22:30:00.000,027XX N MC VICKER AVE,1320,CRIMINAL DAMAGE,TO VEHICLE,STREET,False,False,2512,25,30,19,14,1135594.0,1917631.0,2025,2025-10-24T15:42:34.000,41.930159904,-87.777146959,"
,  
(41.930159904, -87.777146959)"
742,14000244,JJ454672,2025-10-16T22:30:00.000,044XX S MICHIGAN AVE,0760,BURGLARY,BURGLARY FROM MOTOR VEHICLE,STREET,False,False,215,2,3,38,06,1177896.0,1875730.0,2025,2025-10-24T15:42:34.000,41.814322906,-87.622972448,"
,  
(41.814322906, -87.622972448)"
743,14000175,JJ454455,2025-10-16T22:30:00.000,010XX W 115TH ST,0820,THEFT,$500 AND UNDER,RESIDENCE,False,False,2234,22,21,75,06,1171596.0,1828556.0,2025,2025-10-24T15:42:34.000,41.68501186,-87.647460779,"
,  
(41.68501186, -87.647460779)"
744,14000102,JJ454458,2025-10-16T22:29:00.000,043XX S LAKE PARK AVE,1310,CRIMINAL DAMAGE,TO PROPERTY,APARTMENT,False,False,222,2,4,39,14,1184653.0,1876371.0,2025,2025-10-24T15:42:34.000,41.815925906,-87.598167241,"
,  
(41.815925906, -87.598167241)"
745,14000228,JJ454472,2025-10-16T22:28:00.000,006XX N PINE AVE,0820,THEFT,$500 AND UNDER,RESIDENCE,False,False,1524,15,37,25,06,1139416.0,1903647.0,2025,2025-10-24T15:42:34.000,41.891717308,-87.763443279,"
,  
(41.891717308, -87.763443279)"
746,14002798,JJ457081,2025-10-16T22:26:00.000,065XX W DIVERSEY AVE,0860,THEFT,RETAIL THEFT,DEPARTMENT STORE,False,False,2512,25,36,19,06,1132377.0,1917897.0,2025,2025-10-24T15:42:34.000,41.930946496,-87.788962647,"
,  
(41.930946496, -87.788962647)"
747,14000051,JJ454448,2025-10-16T22:22:00.000,106XX S CHURCH ST,1310,CRIMINAL DAMAGE,TO PROPERTY,RESIDENCE,False,True,2212,22,19,72,14,1168076.0,1834203.0,2025,2025-10-24T15:42:34.000,41.700584344,-87.660185063,"
,  
(41.700584344, -87.660185063)"
748,14000206,JJ454510,2025-10-16T22:16:00.000,079XX S ESSEX AVE,0560,ASSAULT,SIMPLE,ALLEY,False,False,422,4,7,46,08A,1194235.0,1852771.0,2025,2025-10-24T15:42:34.000,41.750935666,-87.563794018,"
,  
(41.750935666, -87.563794018)"
749,14000046,JJ454445,2025-10-16T22:15:00.000,067XX S HALSTED ST,1310,CRIMINAL DAMAGE,TO PROPERTY,GAS STATION,False,False,723,7,16,68,14,1172128.0,1860260.0,2025,2025-10-24T15:42:34.000,41.772000438,-87.644584606,"
,  
(41.772000438, -87.644584606)"
750,14000110,JJ454512,2025-10-16T22:15:00.000,075XX S INDIANA AVE,1310,CRIMINAL DAMAGE,TO PROPERTY,APARTMENT,False,False,623,6,6,69,14,1178903.0,1855029.0,2025,2025-10-24T15:42:34.000,41.757494439,-87.619908754,"
,  
(41.757494439, -87.619908754)"
751,14000056,JJ454447,2025-10-16T22:13:00.000,061XX S DR MARTIN LUTHER KING JR DR,2170,NARCOTICS,POSSESSION OF DRUG EQUIPMENT,STREET,True,False,311,3,20,40,18,1179973.0,1864456.0,2025,2025-10-24T15:42:34.000,41.78333868,-87.615699111,"
,  
(41.78333868, -87.615699111)"
752,14000136,JJ454446,2025-10-16T22:06:00.000,113XX S ST LAWRENCE AVE,1310,CRIMINAL DAMAGE,TO PROPERTY,RESIDENCE,False,True,531,5,9,50,14,1182276.0,1829892.0,2025,2025-10-24T15:42:34.000,41.688438052,-87.608323137,"
,  
(41.688438052, -87.608323137)"
753,14000159,JJ454462,2025-10-16T22:05:00.000,010XX W DIVERSEY PKWY,0810,THEFT,OVER $500,STREET,False,False,1935,19,43,7,06,1169045.0,1918773.0,2025,2025-10-24T15:42:34.000,41.932632364,-87.654189502,"
,  
(41.932632364, -87.654189502)"
754,14001303,JJ454434,2025-10-16T22:00:00.000,024XX W POPE JOHN PAUL II DR,0810,THEFT,OVER $500,STREET,True,True,922,9,15,58,06,1160594.0,1876083.0,2025,2025-10-24T15:42:34.000,41.815666529,-87.686428362,"
,  
(41.815666529, -87.686428362)"
755,14003980,JJ458167,2025-10-16T22:00:00.000,047XX W PENSACOLA AVE,0810,THEFT,OVER $500,STREET,False,False,1722,17,45,16,06,1143830.0,1928495.0,2025,2025-10-24T15:42:34.000,41.95982111,-87.746608032,"
,  
(41.95982111, -87.746608032)"
756,14000239,JJ454657,2025-10-16T22:00:00.000,039XX N CLAREMONT AVE,0760,BURGLARY,BURGLARY FROM MOTOR VEHICLE,STREET,False,False,1921,19,47,5,06,1159999.0,1926154.0,2025,2025-10-24T15:42:34.000,41.953078096,-87.687228095,"
,  
(41.953078096, -87.687228095)"
757,14000535,JJ455058,2025-10-16T22:00:00.000,0000X E 56TH ST,0820,THEFT,$500 AND UNDER,STREET,False,False,225,2,20,40,06,1177883.0,1867918.0,2025,2025-10-24T15:42:34.000,41.79288636,-87.623256865,"
,  
(41.79288636, -87.623256865)"
758,14000279,JJ454703,2025-10-16T22:00:00.000,011XX W VAN BUREN ST,0910,MOTOR VEHICLE THEFT,AUTOMOBILE,STREET,False,False,1232,12,34,28,07,1168988.0,1898337.0,2025,2025-10-24T15:42:34.000,41.876555968,-87.654992838,"
,  
(41.876555968, -87.654992838)"
759,14000252,JJ454689,2025-10-16T22:00:00.000,043XX W 21ST PL,0820,THEFT,$500 AND UNDER,STREET,False,False,1012,10,24,29,06,1147696.0,1889400.0,2025,2025-10-24T15:42:34.000,41.852466912,-87.733399956,"
,  
(41.852466912, -87.733399956)"
760,14003934,JJ458898,2025-10-16T22:00:00.000,029XX W BELMONT AVE,0890,THEFT,FROM BUILDING,RESIDENCE - GARAGE,False,False,1733,17,33,21,06,1156379.0,1921132.0,2025,2025-10-24T15:42:34.000,41.939371512,-87.700671758,"
,  
(41.939371512, -87.700671758)"
761,14000249,JJ454654,2025-10-16T22:00:00.000,016XX N LOCKWOOD AVE,0760,BURGLARY,BURGLARY FROM MOTOR VEHICLE,DRIVEWAY - RESIDENTIAL,False,False,2532,25,37,25,06,1140811.0,1910573.0,2025,2025-10-24T15:42:34.000,41.910697524,-87.758149461,"
,  
(41.910697524, -87.758149461)"
762,14000027,JJ454439,2025-10-16T21:50:00.000,031XX W 103RD ST,0860,THEFT,RETAIL THEFT,SMALL RETAIL STORE,False,False,2211,22,19,74,06,1157026.0,1836163.0,2025,2025-10-24T15:42:34.000,41.706192826,-87.700593626,"
,  
(41.706192826, -87.700593626)"
763,14000052,JJ454442,2025-10-16T21:49:00.000,082XX S SACRAMENTO AVE,143A,WEAPONS VIOLATION,UNLAWFUL POSSESSION - HANDGUN,RESIDENCE - YARD (FRONT / BACK),False,False,835,8,18,70,15,1157812.0,1849866.0,2025,2025-10-24T15:42:34.000,41.743780315,-87.697344577,"
,  
(41.743780315, -87.697344577)"
764,14000062,JJ454436,2025-10-16T21:46:00.000,070XX S DANTE AVE,0486,BATTERY,DOMESTIC BATTERY SIMPLE,APARTMENT,True,True,332,3,5,43,08B,1187181.0,1858410.0,2025,2025-10-24T15:42:34.000,41.766579825,-87.58946424,"
,  
(41.766579825, -87.58946424)"
765,14000100,JJ454460,2025-10-16T21:45:00.000,033XX W 38TH PL,0610,BURGLARY,FORCIBLE ENTRY,RESIDENCE,False,False,911,9,12,58,05,1154635.0,1878873.0,2025,2025-10-24T15:42:34.000,41.823443678,-87.708212781,"
,  
(41.823443678, -87.708212781)"
766,14000087,JJ454471,2025-10-16T21:45:00.000,044XX S TALMAN AVE,2170,NARCOTICS,POSSESSION OF DRUG EQUIPMENT,STREET,True,False,922,9,12,58,18,1159444.0,1875063.0,2025,2025-10-24T15:42:34.000,41.812891202,-87.690674777,"
,  
(41.812891202, -87.690674777)"
767,14000034,JJ454404,2025-10-16T21:44:00.000,121XX S PERRY AVE,0630,BURGLARY,ATTEMPT FORCIBLE ENTRY,RESIDENCE,False,False,523,5,9,53,05,1177781.0,1824532.0,2025,2025-10-24T15:42:34.000,41.673832038,-87.624940286,"
,  
(41.673832038, -87.624940286)"
768,14000029,JJ454435,2025-10-16T21:36:00.000,079XX S DOBSON AVE,0486,BATTERY,DOMESTIC BATTERY SIMPLE,APARTMENT,False,True,624,6,8,44,08B,1184603.0,1852481.0,2025,2025-10-24T15:42:34.000,41.750370859,-87.599098951,"
,  
(41.750370859, -87.599098951)"
769,14000053,JJ454425,2025-10-16T21:36:00.000,069XX S ASHLAND AVE,143A,WEAPONS VIOLATION,UNLAWFUL POSSESSION - HANDGUN,SIDEWALK,False,False,734,7,17,67,15,1166885.0,1858498.0,2025,2025-10-24T15:42:34.000,41.767278891,-87.663854102,"
,  
(41.767278891, -87.663854102)"
770,14000096,JJ454496,2025-10-16T21:36:00.000,005XX W OHARE ST,1350,CRIMINAL TRESPASS,TO STATE SUP LAND,AIRPORT EXTERIOR - SECURE AREA,False,False,1654,16,41,76,26,1106630.0,1929543.0,2025,2025-10-24T15:42:34.000,41.963314455,-87.883355766,"
,  
(41.963314455, -87.883355766)"
771,14001777,JJ456596,2025-10-16T21:30:00.000,027XX N OAK PARK AVE,1121,DECEPTIVE PRACTICE,COUNTERFEITING DOCUMENT,RESIDENCE,False,False,2512,25,36,18,10,1130619.0,1917480.0,2025,2025-10-24T15:42:34.000,41.929832645,-87.795432681,"
,  
(41.929832645, -87.795432681)"
772,14000395,JJ454428,2025-10-16T21:30:00.000,001XX N HERMITAGE AVE,1310,CRIMINAL DAMAGE,TO PROPERTY,APARTMENT,False,True,1224,12,27,28,14,1164722.0,1900827.0,2025,2025-10-24T15:42:34.000,41.883480183,-87.670585564,"
,  
(41.883480183, -87.670585564)"
773,14001016,JJ454660,2025-10-16T21:30:00.000,013XX W WABANSIA AVE,0810,THEFT,OVER $500,BAR OR TAVERN,False,False,1433,14,32,24,06,1166897.0,1911866.0,2025,2025-10-24T15:42:34.000,41.913725585,-87.662281766,"
,  
(41.913725585, -87.662281766)"
774,14000352,JJ454857,2025-10-16T21:25:00.000,017XX W MONROE ST,0910,MOTOR VEHICLE THEFT,AUTOMOBILE,STREET,False,False,1224,12,27,28,07,1164666.0,1899595.0,2025,2025-10-24T15:42:34.000,41.880100662,-87.670826123,"
,  
(41.880100662, -87.670826123)"
775,13999996,JJ454409,2025-10-16T21:25:00.000,025XX E 79TH ST,0810,THEFT,OVER $500,APARTMENT,False,False,421,4,7,43,06,1194382.0,1853077.0,2025,2025-10-24T15:42:34.000,41.751771745,-87.563245313,"
,  
(41.751771745, -87.563245313)"
776,14000140,JJ454412,2025-10-16T21:21:00.000,004XX E 103RD ST,1310,CRIMINAL DAMAGE,TO PROPERTY,SMALL RETAIL STORE,False,False,512,5,9,49,14,1180933.0,1836764.0,2025,2025-10-24T15:42:34.000,41.707326665,-87.613029338,"
,  
(41.707326665, -87.613029338)"
777,14000393,JJ454422,2025-10-16T21:15:00.000,013XX S BLUE ISLAND AVE,0486,BATTERY,DOMESTIC BATTERY SIMPLE,APARTMENT,False,True,1232,12,28,28,08B,1168803.0,1893810.0,2025,2025-10-24T15:42:34.000,41.864137536,-87.655803289,"
,  
(41.864137536, -87.655803289)"
778,14000039,JJ454417,2025-10-16T21:12:00.000,035XX N CLARK ST,1330,CRIMINAL TRESPASS,TO LAND,ATHLETIC CLUB,False,False,1924,19,44,6,26,1168604.0,1923694.0,2025,2025-10-24T15:42:34.000,41.946145384,-87.655667162,"
,  
(41.946145384, -87.655667162)"
779,14000088,JJ454416,2025-10-16T21:06:00.000,037XX W LELAND AVE,1565,SEX OFFENSE,INDECENT SOLICITATION OF A CHILD,SCHOOL - PUBLIC GROUNDS,False,False,1723,17,33,14,17,1150613.0,1930973.0,2025,2025-10-24T15:42:34.000,41.966490762,-87.721605386,"
,  
(41.966490762, -87.721605386)"
780,14000037,JJ454423,2025-10-16T21:01:00.000,005XX E 48TH ST,0486,BATTERY,DOMESTIC BATTERY SIMPLE,RESIDENCE,False,True,223,2,3,38,08B,1180844.0,1873315.0,2025,2025-10-24T15:42:34.000,41.807628569,-87.612233309,"
,  
(41.807628569, -87.612233309)"
781,14000006,JJ454410,2025-10-16T21:01:00.000,056XX N SHERIDAN RD,0460,BATTERY,SIMPLE,PARKING LOT / GARAGE (NON RESIDENTIAL),False,False,2022,20,48,77,08B,1168614.0,1937739.0,2025,2025-10-24T15:42:34.000,41.984685103,-87.655221829,"
,  
(41.984685103, -87.655221829)"
782,14000464,JJ455035,2025-10-16T21:00:00.000,057XX S PRINCETON AVE,1320,CRIMINAL DAMAGE,TO VEHICLE,STREET,False,False,711,7,20,68,14,1175269.0,1866814.0,2025,2025-10-24T15:42:34.000,41.789915718,-87.632875019,"
,  
(41.789915718, -87.632875019)"
783,14000104,JJ454533,2025-10-16T21:00:00.000,012XX S RACINE AVE,0460,BATTERY,SIMPLE,RESIDENCE - YARD (FRONT / BACK),False,False,1233,12,28,28,08B,1168568.0,1894446.0,2025,2025-10-24T15:42:34.000,41.865887858,-87.656647559,"
,  
(41.865887858, -87.656647559)"
784,14000095,JJ454531,2025-10-16T21:00:00.000,064XX W FULLERTON AVE,0820,THEFT,$500 AND UNDER,ATHLETIC CLUB,False,False,2512,25,36,19,06,1133118.0,1915251.0,2025,2025-10-24T15:42:34.000,41.923672617,-87.786301606,"
,  
(41.923672617, -87.786301606)"
785,14000716,JJ455325,2025-10-16T21:00:00.000,006XX N MAY ST,0910,MOTOR VEHICLE THEFT,AUTOMOBILE,STREET,False,False,1214,12,27,24,07,1168715.0,1904152.0,2025,2025-10-24T15:42:34.000,41.89251866,-87.655826638,"
,  
(41.89251866, -87.655826638)"
786,14002011,JJ455936,2025-10-16T21:00:00.000,002XX N LAFLIN ST,0810,THEFT,OVER $500,STREET,False,False,1215,12,27,28,06,1166428.0,1901683.0,2025,2025-10-24T15:42:34.000,41.885792788,-87.66429652,"
,  
(41.885792788, -87.66429652)"
787,14000539,JJ454901,2025-10-16T21:00:00.000,024XX E 75TH ST,0495,BATTERY,AGGRAVATED OF A SENIOR CITIZEN,TAVERN / LIQUOR STORE,False,False,334,3,7,43,04B,1193587.0,1855701.0,2025,2025-10-24T15:42:34.000,41.758991698,-87.566072806,"
,  
(41.758991698, -87.566072806)"
788,14007750,JJ463726,2025-10-16T21:00:00.000,006XX W DIVERSEY PKWY,0820,THEFT,$500 AND UNDER,SIDEWALK,False,False,1935,19,43,7,06,,,2025,2025-10-25T15:43:27.000,,,
789,14000222,JJ454622,2025-10-16T21:00:00.000,066XX S TALMAN AVE,1320,CRIMINAL DAMAGE,TO VEHICLE,STREET,False,False,831,8,16,66,14,1159851.0,1860533.0,2025,2025-10-24T15:42:34.000,41.773010574,-87.689580978,"
,  
(41.773010574, -87.689580978)"
790,14000594,JJ455092,2025-10-16T21:00:00.000,0000X N ASHLAND AVE,0910,MOTOR VEHICLE THEFT,AUTOMOBILE,VEHICLE NON-COMMERCIAL,False,False,1224,12,27,28,07,1165742.0,1900548.0,2025,2025-10-24T15:42:34.000,41.882692908,-87.666848016,"
,  
(41.882692908, -87.666848016)"
791,14000283,JJ454722,2025-10-16T21:00:00.000,033XX W NEWPORT AVE,0810,THEFT,OVER $500,PARKING LOT / GARAGE (NON RESIDENTIAL),False,False,1733,17,35,21,06,1153452.0,1922630.0,2025,2025-10-24T15:42:34.000,41.943540908,-87.711389408,"
,  
(41.943540908, -87.711389408)"
792,14000268,JJ454711,2025-10-16T21:00:00.000,005XX N ARTESIAN AVE,0910,MOTOR VEHICLE THEFT,AUTOMOBILE,STREET,False,False,1221,12,36,24,07,1159973.0,1903704.0,2025,2025-10-24T15:42:34.000,41.89147424,-87.687944789,"
,  
(41.89147424, -87.687944789)"
793,14000267,JJ454677,2025-10-16T21:00:00.000,021XX N WESTERN AVE,0910,MOTOR VEHICLE THEFT,AUTOMOBILE,STREET,False,False,1432,14,32,22,07,1160015.0,1914226.0,2025,2025-10-24T15:42:34.000,41.920346571,-87.687499606,"
,  
(41.920346571, -87.687499606)"
794,14000089,JJ454530,2025-10-16T20:45:00.000,013XX S THROOP ST,0760,BURGLARY,BURGLARY FROM MOTOR VEHICLE,STREET,False,False,1233,12,28,28,06,1167980.0,1894098.0,2025,2025-10-24T15:42:34.000,41.864945615,-87.658816174,"
,  
(41.864945615, -87.658816174)"
795,13999994,JJ454392,2025-10-16T20:42:00.000,045XX N KEYSTONE AVE,0460,BATTERY,SIMPLE,APARTMENT,False,False,1722,17,39,14,08B,1148584.0,1929735.0,2025,2025-10-24T15:42:34.000,41.96313311,-87.729097853,"
,  
(41.96313311, -87.729097853)"
796,13999963,JJ454380,2025-10-16T20:40:00.000,007XX E 80TH ST,0710,THEFT,THEFT FROM MOTOR VEHICLE,STREET,False,False,631,6,6,44,06,1182460.0,1852119.0,2025,2025-10-24T15:42:34.000,41.749427407,-87.606962999,"
,  
(41.749427407, -87.606962999)"
797,14000059,JJ454463,2025-10-16T20:40:00.000,015XX N THROOP ST,0810,THEFT,OVER $500,STREET,False,False,1433,14,27,24,06,1167432.0,1910324.0,2025,2025-10-24T15:42:34.000,41.909482739,-87.660360737,"
,  
(41.909482739, -87.660360737)"
798,14001019,JJ455062,2025-10-16T20:40:00.000,051XX S LAKE PARK AVE,0860,THEFT,RETAIL THEFT,DEPARTMENT STORE,False,False,234,2,4,41,06,1187537.0,1871358.0,2025,2025-10-24T15:42:34.000,41.802101704,-87.587747851,"
,  
(41.802101704, -87.587747851)"
799,13999975,JJ454375,2025-10-16T20:36:00.000,078XX S MARYLAND AVE,1320,CRIMINAL DAMAGE,TO VEHICLE,STREET,False,False,624,6,8,69,14,1183263.0,1853117.0,2025,2025-10-24T15:42:34.000,41.752147383,-87.603989513,"
,  
(41.752147383, -87.603989513)"
800,13999990,JJ454396,2025-10-16T20:33:00.000,046XX N PULASKI RD,502R,OTHER OFFENSE,VEHICLE TITLE / REGISTRATION OFFENSE,STREET,True,False,1722,17,39,14,26,1148895.0,1930390.0,2025,2025-10-24T15:42:34.000,41.964924454,-87.727937391,"
,  
(41.964924454, -87.727937391)"
801,14000057,JJ454427,2025-10-16T20:30:00.000,054XX W MADISON ST,0910,MOTOR VEHICLE THEFT,AUTOMOBILE,PARKING LOT / GARAGE (NON RESIDENTIAL),False,False,1522,15,29,25,07,1139730.0,1899481.0,2025,2025-10-24T15:42:34.000,41.880279548,-87.762391877,"
,  
(41.880279548, -87.762391877)"
802,13999997,JJ454391,2025-10-16T20:30:00.000,016XX N LAMON AVE,0486,BATTERY,DOMESTIC BATTERY SIMPLE,APARTMENT,True,True,2533,25,37,25,08B,1143242.0,1910383.0,2025,2025-10-24T15:42:34.000,41.910131062,-87.749223495,"
,  
(41.910131062, -87.749223495)"
803,14000201,JJ454456,2025-10-16T20:30:00.000,027XX N CALIFORNIA AVE,0760,BURGLARY,BURGLARY FROM MOTOR VEHICLE,PARKING LOT / GARAGE (NON RESIDENTIAL),False,False,1411,14,1,22,06,1157241.0,1918050.0,2025,2025-10-24T15:42:34.000,41.930896787,-87.697587655,"
,  
(41.930896787, -87.697587655)"
804,14000177,JJ454501,2025-10-16T20:30:00.000,106XX S PEORIA ST,0620,BURGLARY,UNLAWFUL ENTRY,RESIDENCE - GARAGE,False,False,2233,22,21,73,05,1172204.0,1834244.0,2025,2025-10-24T15:42:34.000,41.700607322,-87.645068672,"
,  
(41.700607322, -87.645068672)"
805,13999974,JJ454369,2025-10-16T20:30:00.000,111XX S HOMEWOOD AVE,0520,ASSAULT,AGGRAVATED - KNIFE / CUTTING INSTRUMENT,RESIDENCE,False,True,2212,22,19,75,04A,1165466.0,1830685.0,2025,2025-10-24T15:42:34.000,41.690985938,-87.66984117,"
,  
(41.690985938, -87.66984117)"
806,13999978,JJ454379,2025-10-16T20:30:00.000,017XX E 67TH ST,0486,BATTERY,DOMESTIC BATTERY SIMPLE,APARTMENT,False,True,332,3,5,43,08B,1189123.0,1860905.0,2025,2025-10-24T15:42:34.000,41.773380002,-87.582266321,"
,  
(41.773380002, -87.582266321)"
807,14000105,JJ454492,2025-10-16T20:30:00.000,080XX S VERNON AVE,0486,BATTERY,DOMESTIC BATTERY SIMPLE,APARTMENT,False,True,631,6,6,44,08B,1180638.0,1851841.0,2025,2025-10-24T15:42:34.000,41.748706558,-87.613648002,"
,  
(41.748706558, -87.613648002)"
808,13999965,JJ454353,2025-10-16T20:30:00.000,015XX S HAMLIN AVE,1310,CRIMINAL DAMAGE,TO PROPERTY,APARTMENT,False,False,1014,10,24,29,14,1151295.0,1892223.0,2025,2025-10-24T15:42:34.000,41.860143802,-87.720116444,"
,  
(41.860143802, -87.720116444)"
809,13999981,JJ454400,2025-10-16T20:28:00.000,024XX W CULLOM AVE,2825,OTHER OFFENSE,HARASSMENT BY TELEPHONE,RESIDENCE,False,True,1911,19,47,5,26,1159067.0,1928479.0,2025,2025-10-24T15:42:34.000,41.959477257,-87.69059009,"
,  
(41.959477257, -87.69059009)"
810,14000072,JJ454495,2025-10-16T20:25:00.000,023XX W 95TH ST,1310,CRIMINAL DAMAGE,TO PROPERTY,RESTAURANT,False,False,2221,22,19,72,14,1162615.0,1841590.0,2025,2025-10-24T15:42:34.000,41.720970905,-87.679976067,"
,  
(41.720970905, -87.679976067)"
811,14001010,JJ454651,2025-10-16T20:25:00.000,038XX N SOUTHPORT AVE,1153,DECEPTIVE PRACTICE,FINANCIAL IDENTITY THEFT OVER $ 300,,False,False,1923,19,44,6,11,1166282.0,1925693.0,2025,2025-10-24T15:42:34.000,41.95168079,-87.664144659,"
,  
(41.95168079, -87.664144659)"
812,13999988,JJ454374,2025-10-16T20:19:00.000,024XX W CHICAGO AVE,0860,THEFT,RETAIL THEFT,DRUG STORE,False,False,1221,12,36,24,06,1160005.0,1905256.0,2025,2025-10-24T15:42:34.000,41.895732399,-87.687784384,"
,  
(41.895732399, -87.687784384)"
813,14000215,JJ454486,2025-10-16T20:15:00.000,0000X W OHIO ST,0460,BATTERY,SIMPLE,SIDEWALK,False,False,1831,18,42,8,08B,1175659.0,1904179.0,2025,2025-10-24T15:42:34.000,41.892439458,-87.630323585,"
,  
(41.892439458, -87.630323585)"
814,13999972,JJ454361,2025-10-16T20:14:00.000,040XX S PRAIRIE AVE,1365,CRIMINAL TRESPASS,TO RESIDENCE,RESIDENCE,False,True,213,2,3,38,26,1178706.0,1878276.0,2025,2025-10-24T15:42:34.000,41.821290928,-87.619923771,"
,  
(41.821290928, -87.619923771)"
815,14000005,JJ454352,2025-10-16T20:10:00.000,026XX N ELSTON AVE,0320,ROBBERY,STRONG ARM - NO WEAPON,APPLIANCE STORE,False,False,1432,14,32,22,03,1160906.0,1917621.0,2025,2025-10-24T15:42:34.000,41.929644221,-87.684131464,"
,  
(41.929644221, -87.684131464)"
816,13999995,JJ454341,2025-10-16T20:09:00.000,053XX W IRVING PARK RD,143A,WEAPONS VIOLATION,UNLAWFUL POSSESSION - HANDGUN,STREET,True,False,1634,16,30,15,15,1140142.0,1926079.0,2025,2025-10-24T15:42:34.000,41.953259877,-87.760226384,"
,  
(41.953259877, -87.760226384)"
817,13999977,JJ454344,2025-10-16T20:04:00.000,020XX N HALSTED ST,0460,BATTERY,SIMPLE,SIDEWALK,False,False,1812,18,43,7,08B,1170626.0,1913684.0,2025,2025-10-24T15:42:34.000,41.918633393,-87.648528893,"
,  
(41.918633393, -87.648528893)"
818,14001984,JJ456123,2025-10-16T20:00:00.000,013XX W RANDOLPH ST,0810,THEFT,OVER $500,VEHICLE - DELIVERY TRUCK,False,False,1224,12,27,28,06,1167605.0,1901069.0,2025,2025-10-24T15:42:34.000,41.884082665,-87.659992043,"
,  
(41.884082665, -87.659992043)"
819,13999962,JJ454384,2025-10-16T20:00:00.000,080XX S MARYLAND AVE,0430,BATTERY,AGGRAVATED - OTHER DANGEROUS WEAPON,STREET,False,False,631,6,8,44,04B,1183300.0,1851826.0,2025,2025-10-24T15:42:34.000,41.748603883,-87.603894034,"
,  
(41.748603883, -87.603894034)"
820,14000343,JJ454855,2025-10-16T20:00:00.000,005XX W KINZIE ST,0910,MOTOR VEHICLE THEFT,AUTOMOBILE,PARKING LOT / GARAGE (NON RESIDENTIAL),False,False,1214,12,34,28,07,1172988.0,1902922.0,2025,2025-10-24T15:42:34.000,41.889049809,-87.640170268,"
,  
(41.889049809, -87.640170268)"
821,14000043,JJ454402,2025-10-16T20:00:00.000,049XX W MONTROSE AVE,1320,CRIMINAL DAMAGE,TO VEHICLE,STREET,False,False,1624,16,45,15,14,1142480.0,1928797.0,2025,2025-10-24T15:42:34.000,41.960675082,-87.75156377,"
,  
(41.960675082, -87.75156377)"
822,14005324,JJ460828,2025-10-16T20:00:00.000,033XX W 63RD ST,0560,ASSAULT,SIMPLE,RESTAURANT,False,False,823,8,14,66,08A,1155264.0,1862653.0,2025,2025-10-24T15:42:34.000,41.778921163,-87.706339252,"
,  
(41.778921163, -87.706339252)"
823,14007053,JJ462749,2025-10-16T20:00:00.000,055XX S INDIANA AVE,0810,THEFT,OVER $500,VEHICLE NON-COMMERCIAL,False,False,231,2,20,40,06,1178546.0,1868185.0,2025,2025-10-25T15:42:26.000,41.793603981,-87.620817628,"
,  
(41.793603981, -87.620817628)"
824,14000619,JJ455145,2025-10-16T20:00:00.000,019XX W OHIO ST,0910,MOTOR VEHICLE THEFT,AUTOMOBILE,STREET,False,False,1221,12,36,24,07,1163355.0,1904028.0,2025,2025-10-24T15:42:34.000,41.892292846,-87.675515172,"
,  
(41.892292846, -87.675515172)"
825,14005463,JJ460525,2025-10-16T20:00:00.000,043XX N KENMORE AVE,0710,THEFT,THEFT FROM MOTOR VEHICLE,STREET,False,False,1915,19,46,3,06,1168390.0,1928933.0,2025,2025-10-25T15:42:26.000,41.960526043,-87.656301624,"
,  
(41.960526043, -87.656301624)"
826,14000093,JJ454403,2025-10-16T20:00:00.000,046XX W DIVERSEY AVE,0320,ROBBERY,STRONG ARM - NO WEAPON,STREET,False,False,2521,25,31,20,03,1144951.0,1918212.0,2025,2025-10-24T15:42:34.000,41.931582515,-87.742747165,"
,  
(41.931582515, -87.742747165)"
827,14000122,JJ454469,2025-10-16T20:00:00.000,013XX W LE MOYNE ST,0710,THEFT,THEFT FROM MOTOR VEHICLE,STREET,False,False,1433,14,27,24,06,1167169.0,1910164.0,2025,2025-10-24T15:42:34.000,41.909049348,-87.661331485,"
,  
(41.909049348, -87.661331485)"
828,14000315,JJ454827,2025-10-16T20:00:00.000,080XX S PAULINA ST,1320,CRIMINAL DAMAGE,TO VEHICLE,STREET,False,False,611,6,17,71,14,1166409.0,1851412.0,2025,2025-10-24T15:42:34.000,41.747844084,-87.665800383,"
,  
(41.747844084, -87.665800383)"
829,14000134,JJ454453,2025-10-16T20:00:00.000,037XX W 76TH ST,0486,BATTERY,DOMESTIC BATTERY SIMPLE,RESIDENCE,False,True,833,8,18,70,08B,1152368.0,1853923.0,2025,2025-10-24T15:42:34.000,41.755022091,-87.71718562,"
,  
(41.755022091, -87.71718562)"
830,14000752,JJ455398,2025-10-16T20:00:00.000,034XX W 62ND ST,1310,CRIMINAL DAMAGE,TO PROPERTY,RESIDENCE,False,False,823,8,14,66,14,1154629.0,1863302.0,2025,2025-10-24T15:42:34.000,41.780714799,-87.708649955,"
,  
(41.780714799, -87.708649955)"
831,14005951,JJ461460,2025-10-16T19:59:00.000,051XX S LAKE PARK AVE,0860,THEFT,RETAIL THEFT,DEPARTMENT STORE,False,False,234,2,4,41,06,1187537.0,1871358.0,2025,2025-10-25T15:42:26.000,41.802101704,-87.587747851,"
,  
(41.802101704, -87.587747851)"
832,13999971,JJ454388,2025-10-16T19:54:00.000,048XX S LAVERGNE AVE,1320,CRIMINAL DAMAGE,TO VEHICLE,STREET,False,False,814,8,22,56,14,1143842.0,1872096.0,2025,2025-10-24T15:42:34.000,41.805055213,-87.747978199,"
,  
(41.805055213, -87.747978199)"
833,13999889,JJ454334,2025-10-16T19:50:00.000,039XX W CERMAK RD,2024,NARCOTICS,POSSESS - HEROIN (WHITE),ALLEY,True,False,1014,10,24,29,18,1150274.0,1889087.0,2025,2025-10-24T15:42:34.000,41.851558186,-87.723945996,"
,  
(41.851558186, -87.723945996)"
834,14000385,JJ454969,2025-10-16T19:48:00.000,040XX N PARKSIDE AVE,5001,OTHER OFFENSE,OTHER CRIME INVOLVING PROPERTY,RESIDENCE - YARD (FRONT / BACK),False,False,1624,16,38,15,26,1137955.0,1926387.0,2025,2025-10-24T15:42:34.000,41.95414491,-87.768258623,"
,  
(41.95414491, -87.768258623)"
835,14004963,JJ460436,2025-10-16T19:46:00.000,007XX E 105TH PL,2820,OTHER OFFENSE,TELEPHONE THREAT,RESIDENCE,False,False,512,5,9,50,08A,1183102.0,1835160.0,2025,2025-10-24T15:42:34.000,41.702875023,-87.605136182,"
,  
(41.702875023, -87.605136182)"
836,14000167,JJ454364,2025-10-16T19:45:00.000,046XX W DIVERSEY AVE,0860,THEFT,RETAIL THEFT,GROCERY FOOD STORE,False,False,2521,25,31,20,06,1144951.0,1918212.0,2025,2025-10-24T15:42:34.000,41.931582515,-87.742747165,"
,  
(41.931582515, -87.742747165)"
837,13999917,JJ454354,2025-10-16T19:45:00.000,046XX N MELVINA AVE,0486,BATTERY,DOMESTIC BATTERY SIMPLE,PARK PROPERTY,False,True,1622,16,38,15,08B,1134198.0,1930660.0,2025,2025-10-24T15:42:34.000,41.965937596,-87.781969004,"
,  
(41.965937596, -87.781969004)"
838,13999937,JJ454317,2025-10-16T19:43:00.000,071XX S STONY ISLAND AVE,0483,BATTERY,AGGRAVATED PROTECTED EMPLOYEE - OTHER DANGEROUS WEAPON,SIDEWALK,False,False,324,3,5,43,04B,1188152.0,1858123.0,2025,2025-10-24T15:42:34.000,41.765769173,-87.585914349,"
,  
(41.765769173, -87.585914349)"
839,13999933,JJ454338,2025-10-16T19:36:00.000,016XX W IRVING PARK RD,0460,BATTERY,SIMPLE,SIDEWALK,False,False,1922,19,47,6,08B,1164818.0,1926630.0,2025,2025-10-24T15:42:34.000,41.954283202,-87.669499607,"
,  
(41.954283202, -87.669499607)"
840,14003855,JJ458802,2025-10-16T19:30:00.000,040XX S LAKE PARK AVE,0486,BATTERY,DOMESTIC BATTERY SIMPLE,RESIDENCE,False,True,214,2,4,36,08B,1183771.0,1878171.0,2025,2025-10-24T15:42:34.000,41.820885895,-87.601346301,"
,  
(41.820885895, -87.601346301)"
841,13999876,JJ454333,2025-10-16T19:30:00.000,041XX N NATCHEZ AVE,1320,CRIMINAL DAMAGE,TO VEHICLE,PARKING LOT / GARAGE (NON RESIDENTIAL),False,False,1632,16,38,17,14,1132336.0,1927190.0,2025,2025-10-24T15:42:34.000,41.956448236,-87.788896411,"
,  
(41.956448236, -87.788896411)"
842,14000048,JJ454367,2025-10-16T19:30:00.000,012XX W ROOSEVELT RD,5007,OTHER OFFENSE,OTHER WEAPONS VIOLATION,SMALL RETAIL STORE,True,False,1233,12,28,28,26,1168413.0,1894846.0,2025,2025-10-24T15:42:34.000,41.866988841,-87.657205006,"
,  
(41.866988841, -87.657205006)"
843,14000001,JJ454346,2025-10-16T19:28:00.000,074XX S SANGAMON ST,0486,BATTERY,DOMESTIC BATTERY SIMPLE,RESIDENCE,False,True,733,7,17,68,08B,1171260.0,1855607.0,2025,2025-10-24T15:42:34.000,41.759251061,-87.647902337,"
,  
(41.759251061, -87.647902337)"
844,13999922,JJ454340,2025-10-16T19:20:00.000,053XX W LAWRENCE AVE,0560,ASSAULT,SIMPLE,LIBRARY,False,False,1623,16,45,15,08A,1139690.0,1931308.0,2025,2025-10-24T15:42:34.000,41.967617009,-87.761759776,"
,  
(41.967617009, -87.761759776)"
845,13999998,JJ454357,2025-10-16T19:20:00.000,109XX S HOMEWOOD AVE,0486,BATTERY,DOMESTIC BATTERY SIMPLE,RESIDENCE,False,True,2212,22,19,75,08B,1166053.0,1831872.0,2025,2025-10-24T15:42:34.000,41.694230841,-87.667658524,"
,  
(41.694230841, -87.667658524)"
846,13999927,JJ454335,2025-10-16T19:16:00.000,037XX W LEXINGTON ST,2093,NARCOTICS,FOUND SUSPECT NARCOTICS,ALLEY,True,False,1133,11,24,27,18,1151663.0,1896447.0,2025,2025-10-24T15:42:34.000,41.871727721,-87.718654582,"
,  
(41.871727721, -87.718654582)"
847,14001868,JJ454325,2025-10-16T19:15:00.000,045XX W MONROE ST,0430,BATTERY,AGGRAVATED - OTHER DANGEROUS WEAPON,STREET,False,False,1113,11,28,26,04B,1146225.0,1899280.0,2025,2025-10-24T15:42:34.000,41.879606936,-87.738547778,"
,  
(41.879606936, -87.738547778)"
848,13999860,JJ454324,2025-10-16T19:15:00.000,049XX N AVERS AVE,0460,BATTERY,SIMPLE,PARK PROPERTY,False,False,1712,17,39,14,08B,1149820.0,1932619.0,2025,2025-10-24T15:42:34.000,41.971022998,-87.724478132,"
,  
(41.971022998, -87.724478132)"
849,14000003,JJ454319,2025-10-16T19:13:00.000,071XX S VINCENNES AVE,0486,BATTERY,DOMESTIC BATTERY SIMPLE,APARTMENT,False,True,731,7,6,69,08B,1176662.0,1857822.0,2025,2025-10-24T15:42:34.000,41.765209455,-87.628037736,"
,  
(41.765209455, -87.628037736)"
850,14000070,JJ454362,2025-10-16T19:11:00.000,082XX S STONY ISLAND AVE,0460,BATTERY,SIMPLE,SIDEWALK,True,False,411,4,8,45,08B,1188237.0,1850748.0,2025,2025-10-24T15:42:34.000,41.745529472,-87.585837669,"
,  
(41.745529472, -87.585837669)"
851,13999964,JJ454323,2025-10-16T19:11:00.000,004XX S DEARBORN ST,0560,ASSAULT,SIMPLE,SIDEWALK,False,False,113,1,34,32,08A,1175997.0,1898402.0,2025,2025-10-24T15:42:34.000,41.876579441,-87.629256335,"
,  
(41.876579441, -87.629256335)"
852,14000895,JJ455496,2025-10-16T19:11:00.000,050XX S EAST END AVE,2825,OTHER OFFENSE,HARASSMENT BY TELEPHONE,APARTMENT,False,False,222,2,5,39,26,1188165.0,1871757.0,2025,2025-10-24T15:42:34.000,41.803181616,-87.585432024,"
,  
(41.803181616, -87.585432024)"
853,13999859,JJ454300,2025-10-16T19:10:00.000,006XX W 103RD ST,0560,ASSAULT,SIMPLE,RESIDENCE,False,False,2232,22,9,73,08A,1173975.0,1836578.0,2025,2025-10-24T15:42:34.000,41.706973143,-87.638514991,"
,  
(41.706973143, -87.638514991)"
854,14000371,JJ454933,2025-10-16T19:05:00.000,063XX S WENTWORTH AVE,1150,DECEPTIVE PRACTICE,CREDIT CARD FRAUD,SMALL RETAIL STORE,False,False,312,3,20,69,11,1176046.0,1863053.0,2025,2025-10-24T15:42:34.000,41.779577735,-87.630138783,"
,  
(41.779577735, -87.630138783)"
855,13999867,JJ454302,2025-10-16T19:03:00.000,066XX S WOLCOTT AVE,2093,NARCOTICS,FOUND SUSPECT NARCOTICS,STREET,True,False,726,7,16,67,18,1164828.0,1860677.0,2025,2025-10-24T15:42:34.000,41.77330205,-87.671332416,"
,  
(41.77330205, -87.671332416)"
856,14002089,JJ456877,2025-10-16T19:00:00.000,052XX W WASHINGTON BLVD,0486,BATTERY,DOMESTIC BATTERY SIMPLE,RESTAURANT,False,True,1523,15,37,25,08B,1141605.0,1900253.0,2025,2025-10-24T15:42:34.000,41.882363578,-87.755487899,"
,  
(41.882363578, -87.755487899)"
857,14000868,JJ455339,2025-10-16T19:00:00.000,098XX S FOREST AVE,0910,MOTOR VEHICLE THEFT,AUTOMOBILE,STREET,False,False,511,5,9,49,07,1179982.0,1839891.0,2025,2025-10-24T15:42:34.000,41.715929341,-87.61641654,"
,  
(41.715929341, -87.61641654)"
858,14000274,JJ454737,2025-10-16T19:00:00.000,080XX S PAULINA ST,0760,BURGLARY,BURGLARY FROM MOTOR VEHICLE,STREET,False,False,611,6,17,71,06,1166409.0,1851412.0,2025,2025-10-24T15:42:34.000,41.747844084,-87.665800383,"
,  
(41.747844084, -87.665800383)"
859,13999960,JJ454326,2025-10-16T19:00:00.000,079XX S WABASH AVE,1310,CRIMINAL DAMAGE,TO PROPERTY,APARTMENT,False,False,623,6,6,44,14,1178087.0,1852434.0,2025,2025-10-24T15:42:34.000,41.750391991,-87.622977784,"
,  
(41.750391991, -87.622977784)"
860,14000906,JJ455081,2025-10-16T19:00:00.000,020XX S WESTERN AVE,0580,STALKING,SIMPLE,APARTMENT,False,False,1234,12,25,31,08A,1160685.0,1890219.0,2025,2025-10-24T15:42:34.000,41.854455414,-87.685703606,"
,  
(41.854455414, -87.685703606)"
861,13999845,JJ454303,2025-10-16T19:00:00.000,032XX W 111TH ST,0820,THEFT,$500 AND UNDER,SMALL RETAIL STORE,False,False,2211,22,19,74,06,1156795.0,1830828.0,2025,2025-10-24T15:42:34.000,41.691557251,-87.701582846,"
,  
(41.691557251, -87.701582846)"
862,14000033,JJ454440,2025-10-16T19:00:00.000,054XX N CAMPBELL AVE,2826,OTHER OFFENSE,HARASSMENT BY ELECTRONIC MEANS,APARTMENT,False,False,2011,20,40,4,26,1158690.0,1936064.0,2025,2025-10-24T15:42:34.000,41.98029863,-87.691767285,"
,  
(41.98029863, -87.691767285)"
863,13999890,JJ454291,2025-10-16T19:00:00.000,028XX W NORTH AVE,0460,BATTERY,SIMPLE,SIDEWALK,False,False,1421,14,26,24,08B,1157077.0,1910508.0,2025,2025-10-24T15:42:34.000,41.91020429,-87.698395528,"
,  
(41.91020429, -87.698395528)"
864,14000018,JJ454365,2025-10-16T19:00:00.000,103XX S OGLESBY AVE,031A,ROBBERY,ARMED - HANDGUN,CTA BUS STOP,False,False,434,4,7,51,03,1193852.0,1836998.0,2025,2025-10-24T15:42:34.000,41.707662508,-87.565712945,"
,  
(41.707662508, -87.565712945)"
865,13999820,JJ454278,2025-10-16T18:55:00.000,114XX S FORRESTVILLE AVE,1320,CRIMINAL DAMAGE,TO VEHICLE,STREET,False,False,531,5,9,50,14,1181961.0,1829260.0,2025,2025-10-24T15:42:34.000,41.686711025,-87.609495763,"
,  
(41.686711025, -87.609495763)"
866,14000016,JJ454312,2025-10-16T18:55:00.000,015XX E 83RD PL,0291,CRIMINAL SEXUAL ASSAULT,ATTEMPT NON-AGGRAVATED,SIDEWALK,False,False,412,4,8,45,02,1187952.0,1849923.0,2025,2025-10-24T15:42:34.000,41.74327238,-87.586908167,"
,  
(41.74327238, -87.586908167)"
867,14002002,JJ455965,2025-10-16T18:53:00.000,051XX S LAKE PARK AVE,0860,THEFT,RETAIL THEFT,DEPARTMENT STORE,False,False,234,2,4,41,06,1187537.0,1871358.0,2025,2025-10-24T15:42:34.000,41.802101704,-87.587747851,"
,  
(41.802101704, -87.587747851)"
868,14002012,JJ455943,2025-10-16T18:51:00.000,016XX W DIVISION ST,0860,THEFT,RETAIL THEFT,SMALL RETAIL STORE,False,False,1424,14,1,24,06,1164808.0,1908052.0,2025,2025-10-24T15:42:34.000,41.903304304,-87.670064675,"
,  
(41.903304304, -87.670064675)"
869,13999885,JJ454272,2025-10-16T18:50:00.000,019XX W 33RD ST,0860,THEFT,RETAIL THEFT,DEPARTMENT STORE,True,False,912,9,12,59,06,1163830.0,1882804.0,2025,2025-10-24T15:42:34.000,41.834042232,-87.674368991,"
,  
(41.834042232, -87.674368991)"
870,14000080,JJ454277,2025-10-16T18:43:00.000,014XX E 65TH PL,051A,ASSAULT,AGGRAVATED - HANDGUN,APARTMENT,False,False,321,3,5,42,04A,1186925.0,1861857.0,2025,2025-10-24T15:42:34.000,41.776044763,-87.590293408,"
,  
(41.776044763, -87.590293408)"
871,13999842,JJ454255,2025-10-16T18:43:00.000,026XX N ELSTON AVE,0860,THEFT,RETAIL THEFT,DEPARTMENT STORE,False,False,1432,14,32,22,06,1160867.0,1917657.0,2025,2025-10-24T15:42:34.000,41.929743818,-87.684273777,"
,  
(41.929743818, -87.684273777)"
872,13999891,JJ454273,2025-10-16T18:36:00.000,022XX W 51ST ST,0460,BATTERY,SIMPLE,STREET,False,False,931,9,15,63,08B,1162253.0,1870808.0,2025,2025-10-24T15:42:34.000,41.801156854,-87.680489807,"
,  
(41.801156854, -87.680489807)"
873,14000085,JJ454297,2025-10-16T18:36:00.000,020XX N CICERO AVE,143A,WEAPONS VIOLATION,UNLAWFUL POSSESSION - HANDGUN,STREET,True,False,2522,25,26,19,15,1144057.0,1913346.0,2025,2025-10-24T15:42:34.000,41.918246576,-87.746154953,"
,  
(41.918246576, -87.746154953)"
874,13999959,JJ454309,2025-10-16T18:30:00.000,064XX N SHERIDAN RD,0860,THEFT,RETAIL THEFT,SMALL RETAIL STORE,False,False,2432,24,49,1,06,1167108.0,1942847.0,2025,2025-10-24T15:42:34.000,41.998734156,-87.660613118,"
,  
(41.998734156, -87.660613118)"
875,13999915,JJ454358,2025-10-16T18:30:00.000,016XX N THROOP ST,1320,CRIMINAL DAMAGE,TO VEHICLE,STREET,False,False,1433,14,32,24,14,1167222.0,1911748.0,2025,2025-10-24T15:42:34.000,41.913394802,-87.661091182,"
,  
(41.913394802, -87.661091182)"
876,13999909,JJ454370,2025-10-16T18:30:00.000,016XX N THROOP ST,0820,THEFT,$500 AND UNDER,STREET,False,False,1433,14,32,24,06,1167222.0,1911748.0,2025,2025-10-24T15:42:34.000,41.913394802,-87.661091182,"
,  
(41.913394802, -87.661091182)"
877,13999921,JJ454381,2025-10-16T18:30:00.000,003XX N LAFLIN ST,0760,BURGLARY,BURGLARY FROM MOTOR VEHICLE,STREET,False,False,1215,12,27,28,06,1166417.0,1902039.0,2025,2025-10-24T15:42:34.000,41.886769914,-87.664326722,"
,  
(41.886769914, -87.664326722)"
878,14001017,JJ454809,2025-10-16T18:30:00.000,045XX S INDIANA AVE,0820,THEFT,$500 AND UNDER,APARTMENT,False,False,215,2,3,38,06,1178360.0,1874994.0,2025,2025-10-24T15:42:34.000,41.812292721,-87.621292831,"
,  
(41.812292721, -87.621292831)"
879,13999970,JJ454329,2025-10-16T18:30:00.000,047XX S COTTAGE GROVE AVE,0460,BATTERY,SIMPLE,SIDEWALK,False,False,223,2,4,38,08B,1182386.0,1873939.0,2025,2025-10-24T15:42:34.000,41.809305232,-87.606558389,"
,  
(41.809305232, -87.606558389)"
880,14006997,JJ462751,2025-10-16T18:29:00.000,006XX W 25TH PL,0820,THEFT,$500 AND UNDER,APARTMENT,False,False,914,9,11,60,06,1172482.0,1887335.0,2025,2025-10-25T15:42:26.000,41.846289164,-87.642489144,"
,  
(41.846289164, -87.642489144)"
881,14000024,JJ454262,2025-10-16T18:27:00.000,115XX S LA SALLE ST,0610,BURGLARY,FORCIBLE ENTRY,RESIDENCE,False,False,522,5,9,53,05,1177337.0,1828053.0,2025,2025-10-24T15:42:34.000,41.683504206,-87.626459639,"
,  
(41.683504206, -87.626459639)"
882,13999813,JJ454258,2025-10-16T18:23:00.000,006XX S CALIFORNIA AVE,2024,NARCOTICS,POSSESS - HEROIN (WHITE),SIDEWALK,True,False,1135,11,28,27,18,1157803.0,1897145.0,2025,2025-10-24T15:42:34.000,41.873520236,-87.696093065,"
,  
(41.873520236, -87.696093065)"
883,13999993,JJ454342,2025-10-16T18:21:00.000,067XX S STONY ISLAND AVE,0430,BATTERY,AGGRAVATED - OTHER DANGEROUS WEAPON,RESTAURANT,False,False,332,3,5,43,04B,1188026.0,1860714.0,2025,2025-10-24T15:42:34.000,41.772882101,-87.586293688,"
,  
(41.772882101, -87.586293688)"
884,14000258,JJ454704,2025-10-16T18:20:00.000,004XX W MARQUETTE RD,1320,CRIMINAL DAMAGE,TO VEHICLE,STREET,False,False,722,7,6,68,14,1174591.0,1860507.0,2025,2025-10-24T15:42:34.000,41.772623753,-87.635548701,"
,  
(41.772623753, -87.635548701)"
885,13999903,JJ454249,2025-10-16T18:19:00.000,105XX S MICHIGAN AVE,0560,ASSAULT,SIMPLE,CONVENIENCE STORE,False,False,512,5,9,49,08A,1178853.0,1835179.0,2025,2025-10-24T15:42:34.000,41.7030247,-87.620694297,"
,  
(41.7030247, -87.620694297)"
886,14000741,JJ455433,2025-10-16T18:15:00.000,044XX N MARINE DR,0460,BATTERY,SIMPLE,STREET,False,False,1914,19,46,3,08B,1170949.0,1929505.0,2025,2025-10-24T15:42:34.000,41.962039762,-87.646876692,"
,  
(41.962039762, -87.646876692)"
887,14000025,JJ454246,2025-10-16T18:13:00.000,047XX N MAJOR AVE,0554,ASSAULT,"AGGRAVATED POLICE OFFICER - HANDS, FISTS, FEET, NO INJURY",SIDEWALK,True,False,1622,16,45,15,08A,1137475.0,1931131.0,2025,2025-10-24T15:42:34.000,41.967171564,-87.769908523,"
,  
(41.967171564, -87.769908523)"
888,13999810,JJ454234,2025-10-16T18:10:00.000,008XX W ADDISON ST,0560,ASSAULT,SIMPLE,STREET,False,False,1924,19,44,6,08A,1170200.0,1924134.0,2025,2025-10-24T15:42:34.000,41.947317986,-87.649787936,"
,  
(41.947317986, -87.649787936)"
889,13999969,JJ454214,2025-10-16T18:10:00.000,027XX N CLARK ST,0860,THEFT,RETAIL THEFT,DEPARTMENT STORE,True,False,1935,19,43,7,06,1171615.0,1918633.0,2025,2025-10-24T15:42:34.000,41.932191946,-87.64474923,"
,  
(41.932191946, -87.64474923)"
890,13999910,JJ454243,2025-10-16T18:09:00.000,012XX N LARRABEE ST,0860,THEFT,RETAIL THEFT,DEPARTMENT STORE,True,False,1822,18,27,8,06,1172111.0,1908362.0,2025,2025-10-24T15:42:34.000,41.903996883,-87.643230238,"
,  
(41.903996883, -87.643230238)"
891,13999961,JJ454351,2025-10-16T18:08:00.000,013XX S SAWYER AVE,1310,CRIMINAL DAMAGE,TO PROPERTY,APARTMENT,False,False,1022,10,24,29,14,1154906.0,1893687.0,2025,2025-10-24T15:42:34.000,41.864089641,-87.706822118,"
,  
(41.864089641, -87.706822118)"
892,14000276,JJ454720,2025-10-16T18:00:00.000,009XX W MONTANA ST,0820,THEFT,$500 AND UNDER,STREET,False,False,1932,19,43,7,06,1169846.0,1916501.0,2025,2025-10-24T15:42:34.000,41.926380439,-87.651312347,"
,  
(41.926380439, -87.651312347)"
893,14003989,JJ458116,2025-10-16T18:00:00.000,006XX W BRIAR PL,0810,THEFT,OVER $500,STREET,False,False,1934,19,44,6,06,1171397.0,1921162.0,2025,2025-10-24T15:42:34.000,41.939136428,-87.645475777,"
,  
(41.939136428, -87.645475777)"
894,14000475,JJ454774,2025-10-16T18:00:00.000,027XX W 68TH ST,0281,CRIMINAL SEXUAL ASSAULT,NON-AGGRAVATED,HOSPITAL BUILDING / GROUNDS,False,False,831,8,16,66,02,1159381.0,1859440.0,2025,2025-10-24T15:42:34.000,41.770020864,-87.6913338,"
,  
(41.770020864, -87.6913338)"
895,14000435,JJ454869,2025-10-16T18:00:00.000,020XX N LAMON AVE,1220,DECEPTIVE PRACTICE,THEFT OF LOST / MISLAID PROPERTY,RESIDENCE,False,False,2522,25,26,19,11,1143368.0,1913194.0,2025,2025-10-24T15:42:34.000,41.91784239,-87.748690223,"
,  
(41.91784239, -87.748690223)"
896,13999751,JJ454194,2025-10-16T18:00:00.000,003XX W SCHILLER ST,1130,DECEPTIVE PRACTICE,FRAUD OR CONFIDENCE GAME,APARTMENT,False,False,1821,18,2,8,11,1173676.0,1909694.0,2025,2025-10-24T15:42:34.000,41.907617267,-87.637441961,"
,  
(41.907617267, -87.637441961)"
897,14000408,JJ454749,2025-10-16T18:00:00.000,006XX N MAY ST,0820,THEFT,$500 AND UNDER,STREET,False,False,1214,12,27,24,06,1168637.0,1904575.0,2025,2025-10-24T15:42:34.000,41.89368109,-87.656100837,"
,  
(41.89368109, -87.656100837)"
898,14006008,JJ461463,2025-10-16T18:00:00.000,040XX W 49TH ST,0930,MOTOR VEHICLE THEFT,THEFT / RECOVERY - AUTOMOBILE,STREET,False,False,815,8,14,57,07,1150036.0,1871823.0,2025,2025-10-25T15:42:26.000,41.804188055,-87.725268001,"
,  
(41.804188055, -87.725268001)"
899,13999929,JJ454269,2025-10-16T18:00:00.000,051XX N CALIFORNIA AVE,1330,CRIMINAL TRESPASS,TO LAND,HOSPITAL BUILDING / GROUNDS,True,False,2031,20,40,4,26,1156765.0,1934163.0,2025,2025-10-24T15:42:34.000,41.975121537,-87.698898525,"
,  
(41.975121537, -87.698898525)"
900,14000979,JJ454645,2025-10-16T17:55:00.000,006XX N LA SALLE DR,0860,THEFT,RETAIL THEFT,SMALL RETAIL STORE,False,False,1832,18,42,8,06,1175023.0,1904549.0,2025,2025-10-24T15:42:34.000,41.893469034,-87.632648229,"
,  
(41.893469034, -87.632648229)"
901,13999957,JJ454252,2025-10-16T17:48:00.000,009XX W GLENLAKE AVE,0460,BATTERY,SIMPLE,APARTMENT,False,False,2433,24,48,77,08B,1168708.0,1940540.0,2025,2025-10-24T15:42:34.000,41.992369063,-87.65479449,"
,  
(41.992369063, -87.65479449)"
902,13999866,JJ454283,2025-10-16T17:41:00.000,039XX W FLOURNOY ST,4387,OTHER OFFENSE,VIOLATE ORDER OF PROTECTION,APARTMENT,False,False,1132,11,24,26,26,1150297.0,1896740.0,2025,2025-10-24T15:42:34.000,41.872558479,-87.723662114,"
,  
(41.872558479, -87.723662114)"
903,14001051,JJ455495,2025-10-16T17:40:00.000,026XX N HALSTED ST,0860,THEFT,RETAIL THEFT,SMALL RETAIL STORE,True,False,1935,19,43,7,06,1170485.0,1917862.0,2025,2025-10-24T15:42:34.000,41.930101116,-87.648924417,"
,  
(41.930101116, -87.648924417)"
904,14000994,JJ454648,2025-10-16T17:39:00.000,007XX W HUBBARD ST,1320,CRIMINAL DAMAGE,TO VEHICLE,STREET,False,False,1214,12,27,24,14,1171215.0,1903290.0,2025,2025-10-24T15:42:34.000,41.890098742,-87.646670556,"
,  
(41.890098742, -87.646670556)"
905,13999893,JJ454181,2025-10-16T17:35:00.000,019XX S SPRINGFIELD AVE,0650,BURGLARY,HOME INVASION,APARTMENT,False,True,1014,10,24,29,05,1150707.0,1890145.0,2025,2025-10-24T15:42:34.000,41.854453024,-87.722329136,"
,  
(41.854453024, -87.722329136)"
906,14000038,JJ454170,2025-10-16T17:33:00.000,035XX W VAN BUREN ST,1020,ARSON,BY FIRE,APARTMENT,False,True,1133,11,28,27,09,1152917.0,1897799.0,2025,2025-10-24T15:42:34.000,41.875413022,-87.714014801,"
,  
(41.875413022, -87.714014801)"
907,13999873,JJ454184,2025-10-16T17:31:00.000,056XX S RACINE AVE,0460,BATTERY,SIMPLE,STREET,True,False,713,7,16,67,08B,1169280.0,1867486.0,2025,2025-10-24T15:42:34.000,41.791891563,-87.654815464,"
,  
(41.791891563, -87.654815464)"
908,13999788,JJ454171,2025-10-16T17:30:00.000,003XX S ALBANY AVE,0486,BATTERY,DOMESTIC BATTERY SIMPLE,VEHICLE NON-COMMERCIAL,False,True,1124,11,28,27,08B,1155765.0,1898312.0,2025,2025-10-24T15:42:34.000,41.876763879,-87.703544179,"
,  
(41.876763879, -87.703544179)"
909,13999883,JJ454206,2025-10-16T17:30:00.000,026XX N MILWAUKEE AVE,5007,OTHER OFFENSE,OTHER WEAPONS VIOLATION,STREET,True,False,1411,14,35,22,26,1154619.0,1917327.0,2025,2025-10-24T15:42:34.000,41.928965765,-87.707242403,"
,  
(41.928965765, -87.707242403)"
910,14000247,JJ454696,2025-10-16T17:30:00.000,009XX W WINONA ST,0810,THEFT,OVER $500,STREET,False,False,2024,20,48,3,06,1169059.0,1934323.0,2025,2025-10-24T15:42:34.000,41.975301836,-87.653684867,"
,  
(41.975301836, -87.653684867)"
911,14003935,JJ459154,2025-10-16T17:30:00.000,058XX N WESTERN AVE,0820,THEFT,$500 AND UNDER,VEHICLE NON-COMMERCIAL,False,False,2012,20,40,4,06,1159268.0,1938669.0,2025,2025-10-24T15:42:34.000,41.987434962,-87.689569604,"
,  
(41.987434962, -87.689569604)"
912,13999851,JJ454154,2025-10-16T17:27:00.000,062XX W 51ST ST,502R,OTHER OFFENSE,VEHICLE TITLE / REGISTRATION OFFENSE,STREET,False,False,811,8,23,56,26,1135473.0,1870100.0,2025,2025-10-24T15:42:34.000,41.799730149,-87.778720017,"
,  
(41.799730149, -87.778720017)"
913,13999973,JJ454190,2025-10-16T17:26:00.000,063XX S FAIRFIELD AVE,1320,CRIMINAL DAMAGE,TO VEHICLE,RESIDENCE,False,True,825,8,16,66,14,1159134.0,1862496.0,2025,2025-10-24T15:42:34.000,41.778412025,-87.692155686,"
,  
(41.778412025, -87.692155686)"
914,13999797,JJ454186,2025-10-16T17:25:00.000,0000X N WELLS ST,0460,BATTERY,SIMPLE,SIDEWALK,False,False,122,1,34,32,08B,1174724.0,1900745.0,2025,2025-10-24T15:42:34.000,41.883037336,-87.633860221,"
,  
(41.883037336, -87.633860221)"
915,13999804,JJ454153,2025-10-16T17:25:00.000,021XX N LARAMIE AVE,0486,BATTERY,DOMESTIC BATTERY SIMPLE,APARTMENT,True,True,2522,25,26,19,08B,1141373.0,1913680.0,2025,2025-10-24T15:42:34.000,41.919213112,-87.756008017,"
,  
(41.919213112, -87.756008017)"
916,13999919,JJ454160,2025-10-16T17:24:00.000,013XX E 49TH ST,0810,THEFT,OVER $500,PARK PROPERTY,False,False,222,2,4,39,06,1185837.0,1872776.0,2025,2025-10-24T15:42:34.000,41.806033096,-87.593937616,"
,  
(41.806033096, -87.593937616)"
917,13999803,JJ454167,2025-10-16T17:23:00.000,039XX N SEMINARY AVE,0460,BATTERY,SIMPLE,STREET,True,False,1923,19,46,6,08B,1168268.0,1926288.0,2025,2025-10-24T15:42:34.000,41.953270709,-87.656826921,"
,  
(41.953270709, -87.656826921)"
918,13999807,JJ454168,2025-10-16T17:20:00.000,070XX S SANGAMON ST,1365,CRIMINAL TRESPASS,TO RESIDENCE,APARTMENT,False,True,733,7,16,68,26,1171192.0,1858077.0,2025,2025-10-24T15:42:34.000,41.766030537,-87.64807944,"
,  
(41.766030537, -87.64807944)"
919,14000872,JJ454424,2025-10-16T17:20:00.000,004XX E WATERSIDE DR,0810,THEFT,OVER $500,RESIDENCE,False,False,114,1,42,32,06,1179704.0,1902210.0,2025,2025-10-24T15:42:34.000,41.886944528,-87.615528657,"
,  
(41.886944528, -87.615528657)"
920,13999899,JJ454193,2025-10-16T17:17:00.000,101XX S EMERALD AVE,0320,ROBBERY,STRONG ARM - NO WEAPON,STREET,False,False,2232,22,21,73,03,1173095.0,1837719.0,2025,2025-10-24T15:42:34.000,41.710123655,-87.641703975,"
,  
(41.710123655, -87.641703975)"
921,14004381,JJ459708,2025-10-16T17:15:00.000,080XX S MERRILL AVE,0560,ASSAULT,SIMPLE,APARTMENT,False,True,414,4,8,46,08A,1191924.0,1852150.0,2025,2025-10-24T15:42:34.000,41.749287997,-87.572282625,"
,  
(41.749287997, -87.572282625)"
922,13999906,JJ454337,2025-10-16T17:15:00.000,001XX N GREEN ST,0810,THEFT,OVER $500,SIDEWALK,False,False,1224,12,27,28,06,1170699.0,1901414.0,2025,2025-10-24T15:42:34.000,41.88496219,-87.648620502,"
,  
(41.88496219, -87.648620502)"
923,13999852,JJ454173,2025-10-16T17:12:00.000,028XX W PETERSON AVE,0330,ROBBERY,AGGRAVATED,STREET,False,False,2011,20,40,2,03,1156126.0,1939738.0,2025,2025-10-24T15:42:34.000,41.990432573,-87.701097021,"
,  
(41.990432573, -87.701097021)"
924,13999864,JJ454239,2025-10-16T17:10:00.000,001XX N STATE ST,0560,ASSAULT,SIMPLE,DRUG STORE,False,False,111,1,42,32,08A,1176338.0,1901346.0,2025,2025-10-24T15:42:34.000,41.884650262,-87.627915459,"
,  
(41.884650262, -87.627915459)"
925,14001012,JJ454643,2025-10-16T17:10:00.000,012XX E 53RD ST,0810,THEFT,OVER $500,APARTMENT,False,False,234,2,5,41,06,1185307.0,1870377.0,2025,2025-10-24T15:42:34.000,41.799462555,-87.595956916,"
,  
(41.799462555, -87.595956916)"
926,13999863,JJ454211,2025-10-16T17:10:00.000,006XX S INDEPENDENCE BLVD,0820,THEFT,$500 AND UNDER,GAS STATION,False,False,1133,11,24,27,06,1151362.0,1897011.0,2025,2025-10-24T15:42:34.000,41.87328131,-87.71974488,"
,  
(41.87328131, -87.71974488)"
927,14002006,JJ455933,2025-10-16T17:10:00.000,048XX W WRIGHTWOOD AVE,1305,CRIMINAL DAMAGE,CRIMINAL DEFACEMENT,RESIDENCE,False,False,2521,25,31,19,14,1143676.0,1916860.0,2025,2025-10-24T15:42:34.000,41.927896499,-87.747466581,"
,  
(41.927896499, -87.747466581)"
928,13999881,JJ454156,2025-10-16T17:07:00.000,087XX S CLYDE AVE,1822,NARCOTICS,MANUFACTURE / DELIVER - CANNABIS OVER 10 GRAMS,STREET,True,False,412,4,8,48,18,1191703.0,1847112.0,2025,2025-10-24T15:42:34.000,41.735468633,-87.573255501,"
,  
(41.735468633, -87.573255501)"
929,13999956,JJ454159,2025-10-16T17:00:00.000,0000X N WABASH AVE,0460,BATTERY,SIMPLE,SMALL RETAIL STORE,False,False,112,1,34,32,08B,1176806.0,1900517.0,2025,2025-10-24T15:42:34.000,41.882364871,-87.626222,"
,  
(41.882364871, -87.626222)"
930,14006837,JJ462799,2025-10-16T17:00:00.000,079XX S MANISTEE AVE,1310,CRIMINAL DAMAGE,TO PROPERTY,OTHER (SPECIFY),False,False,422,4,7,46,14,1195891.0,1852756.0,2025,2025-10-25T15:42:26.000,41.750853701,-87.557726247,"
,  
(41.750853701, -87.557726247)"
931,14000759,JJ455317,2025-10-16T17:00:00.000,022XX W 21ST ST,1320,CRIMINAL DAMAGE,TO VEHICLE,STREET,False,False,1234,12,25,31,14,1161782.0,1890028.0,2025,2025-10-24T15:42:34.000,41.853908516,-87.681682483,"
,  
(41.853908516, -87.681682483)"
932,13999763,JJ454209,2025-10-16T17:00:00.000,030XX W 55TH ST,1154,DECEPTIVE PRACTICE,FINANCIAL IDENTITY THEFT $300 AND UNDER,RESIDENCE,False,False,824,8,14,63,11,1157231.0,1868016.0,2025,2025-10-24T15:42:34.000,41.793598416,-87.698982943,"
,  
(41.793598416, -87.698982943)"
933,14000530,JJ455086,2025-10-16T17:00:00.000,022XX W 80TH ST,0820,THEFT,$500 AND UNDER,STREET,False,False,835,8,18,70,06,1162677.0,1851563.0,2025,2025-10-24T15:42:34.000,41.748337087,-87.679471457,"
,  
(41.748337087, -87.679471457)"
934,13999878,JJ454293,2025-10-16T17:00:00.000,011XX W RANDOLPH ST,0810,THEFT,OVER $500,STREET,False,False,1224,12,27,28,06,1168951.0,1901190.0,2025,2025-10-24T15:42:34.000,41.884385611,-87.655045899,"
,  
(41.884385611, -87.655045899)"
935,14000725,JJ455413,2025-10-16T17:00:00.000,009XX W ERIE ST,0910,MOTOR VEHICLE THEFT,AUTOMOBILE,STREET,False,False,1214,12,27,24,07,1169881.0,1904458.0,2025,2025-10-24T15:42:34.000,41.893333,-87.651535492,"
,  
(41.893333, -87.651535492)"
936,14001594,JJ456218,2025-10-16T17:00:00.000,003XX N HALSTED ST,1206,DECEPTIVE PRACTICE,"THEFT BY LESSEE, MOTOR VEHICLE",APARTMENT,False,False,1214,12,34,28,11,1170978.0,1902663.0,2025,2025-10-24T15:42:34.000,41.888383414,-87.647559323,"
,  
(41.888383414, -87.647559323)"
937,13999798,JJ454242,2025-10-16T17:00:00.000,044XX W 45TH ST,0820,THEFT,$500 AND UNDER,STREET,False,False,815,8,14,57,06,1147569.0,1874432.0,2025,2025-10-24T15:42:34.000,41.81139508,-87.734249216,"
,  
(41.81139508, -87.734249216)"
938,14000645,JJ455111,2025-10-16T17:00:00.000,064XX S ELLIS AVE,0650,BURGLARY,HOME INVASION,APARTMENT,False,False,314,3,20,42,05,1184165.0,1862442.0,2025,2025-10-24T15:42:34.000,41.77771505,-87.600392941,"
,  
(41.77771505, -87.600392941)"
939,13999792,JJ454231,2025-10-16T17:00:00.000,064XX S FRANCISCO AVE,1153,DECEPTIVE PRACTICE,FINANCIAL IDENTITY THEFT OVER $ 300,RESIDENCE,False,False,823,8,15,66,11,1158152.0,1861881.0,2025,2025-10-24T15:42:34.000,41.776744412,-87.695772496,"
,  
(41.776744412, -87.695772496)"
940,14000277,JJ454729,2025-10-16T17:00:00.000,093XX S PARNELL AVE,1310,CRIMINAL DAMAGE,TO PROPERTY,RESIDENCE,False,True,2223,22,9,73,14,1174272.0,1842980.0,2025,2025-10-24T15:42:34.000,41.724534557,-87.637237841,"
,  
(41.724534557, -87.637237841)"
941,14000528,JJ454766,2025-10-16T17:00:00.000,080XX S PAULINA ST,1320,CRIMINAL DAMAGE,TO VEHICLE,STREET,False,False,611,6,17,71,14,1166408.0,1851452.0,2025,2025-10-24T15:42:34.000,41.747953871,-87.66580291,"
,  
(41.747953871, -87.66580291)"
942,14000040,JJ454441,2025-10-16T17:00:00.000,050XX W ADDISON ST,0810,THEFT,OVER $500,BARBERSHOP,False,False,1634,16,31,15,06,1142205.0,1923467.0,2025,2025-10-24T15:42:34.000,41.946054204,-87.752707584,"
,  
(41.946054204, -87.752707584)"
943,13999825,JJ454251,2025-10-16T17:00:00.000,001XX N MORGAN ST,0810,THEFT,OVER $500,SIDEWALK,False,False,1224,12,27,28,06,1169747.0,1901382.0,2025,2025-10-24T15:42:34.000,41.88489517,-87.652117308,"
,  
(41.88489517, -87.652117308)"
944,14000265,JJ454714,2025-10-16T17:00:00.000,006XX N MAY ST,0910,MOTOR VEHICLE THEFT,AUTOMOBILE,STREET,False,False,1214,12,27,24,07,1168637.0,1904575.0,2025,2025-10-24T15:42:34.000,41.89368109,-87.656100837,"
,  
(41.89368109, -87.656100837)"
945,13999773,JJ454123,2025-10-16T16:59:00.000,021XX S KEDZIE AVE,502P,OTHER OFFENSE,FALSE / STOLEN / ALTERED TRP,VEHICLE NON-COMMERCIAL,True,False,1022,10,24,30,26,1155359.0,1889441.0,2025,2025-10-24T15:42:34.000,41.852429062,-87.705273181,"
,  
(41.852429062, -87.705273181)"
946,14000019,JJ454120,2025-10-16T16:50:00.000,124XX S WENTWORTH AVE,0560,ASSAULT,SIMPLE,RESIDENCE - YARD (FRONT / BACK),False,False,523,5,9,53,08A,1177196.0,1822373.0,2025,2025-10-24T15:42:34.000,41.66792058,-87.627146197,"
,  
(41.66792058, -87.627146197)"
947,14001974,JJ455921,2025-10-16T16:50:00.000,024XX W BELLE PLAINE AVE,1320,CRIMINAL DAMAGE,TO VEHICLE,STREET,False,False,1911,19,47,5,14,1159372.0,1927156.0,2025,2025-10-24T15:42:34.000,41.955840589,-87.689505319,"
,  
(41.955840589, -87.689505319)"
948,14000047,JJ454260,2025-10-16T16:46:00.000,004XX E 63RD ST,0860,THEFT,RETAIL THEFT,SMALL RETAIL STORE,True,False,312,3,20,42,06,1180454.0,1863341.0,2025,2025-10-24T15:42:34.000,41.780267983,-87.613969818,"
,  
(41.780267983, -87.613969818)"
949,13999811,JJ454098,2025-10-16T16:46:00.000,082XX S COTTAGE GROVE AVE,0820,THEFT,$500 AND UNDER,STREET,False,True,631,6,6,44,06,1182989.0,1850634.0,2025,2025-10-24T15:42:34.000,41.745340136,-87.605070606,"
,  
(41.745340136, -87.605070606)"
950,13999913,JJ454094,2025-10-16T16:45:00.000,044XX N KIMBALL AVE,0560,ASSAULT,SIMPLE,SIDEWALK,False,False,1723,17,33,14,08A,1152922.0,1929284.0,2025,2025-10-24T15:42:34.000,41.961810486,-87.713160464,"
,  
(41.961810486, -87.713160464)"
951,13999793,JJ454099,2025-10-16T16:39:00.000,050XX S EAST END AVE,0560,ASSAULT,SIMPLE,RESIDENCE - PORCH / HALLWAY,False,False,222,2,5,39,08A,1188165.0,1871757.0,2025,2025-10-24T15:42:34.000,41.803181616,-87.585432024,"
,  
(41.803181616, -87.585432024)"
952,13999761,JJ454162,2025-10-16T16:36:00.000,012XX W RANDOLPH ST,0560,ASSAULT,SIMPLE,STREET,False,False,1224,12,27,28,08A,1168105.0,1901165.0,2025,2025-10-24T15:42:34.000,41.884335316,-87.658153224,"
,  
(41.884335316, -87.658153224)"
953,13999826,JJ454129,2025-10-16T16:35:00.000,035XX W 26TH ST,0460,BATTERY,SIMPLE,GROCERY FOOD STORE,True,False,1032,10,22,30,08B,1152976.0,1886496.0,2025,2025-10-24T15:42:34.000,41.844395123,-87.714097492,"
,  
(41.844395123, -87.714097492)"
954,14000055,JJ454146,2025-10-16T16:35:00.000,014XX E 70TH ST,1750,OFFENSE INVOLVING CHILDREN,CHILD ABUSE,APARTMENT,False,True,332,3,5,43,08B,1187381.0,1858876.0,2025,2025-10-24T15:42:34.000,41.767853821,-87.588716387,"
,  
(41.767853821, -87.588716387)"
955,13999791,JJ454187,2025-10-16T16:34:00.000,005XX W ELM ST,143A,WEAPONS VIOLATION,UNLAWFUL POSSESSION - HANDGUN,RESIDENCE - PORCH / HALLWAY,True,False,1823,18,27,8,15,1172288.0,1907878.0,2025,2025-10-24T15:42:34.000,41.902664851,-87.642594393,"
,  
(41.902664851, -87.642594393)"
956,14008137,JJ463985,2025-10-16T16:30:00.000,039XX N FREMONT ST,0890,THEFT,FROM BUILDING,APARTMENT,False,False,1923,19,46,6,06,,,2025,2025-10-25T15:43:27.000,,,
957,14000809,JJ455501,2025-10-16T16:30:00.000,027XX N PINE GROVE AVE,2826,OTHER OFFENSE,HARASSMENT BY ELECTRONIC MEANS,OTHER (SPECIFY),False,False,1935,19,43,7,26,1172652.0,1918576.0,2025,2025-10-24T15:42:34.000,41.932012618,-87.640940116,"
,  
(41.932012618, -87.640940116)"
958,13999934,JJ454366,2025-10-16T16:30:00.000,058XX S CLAREMONT AVE,0910,MOTOR VEHICLE THEFT,AUTOMOBILE,STREET,False,False,824,8,16,63,07,1161758.0,1865639.0,2025,2025-10-24T15:42:34.000,41.786982751,-87.682448682,"
,  
(41.786982751, -87.682448682)"
959,13999966,JJ454244,2025-10-16T16:23:00.000,088XX S INDIANA AVE,0486,BATTERY,DOMESTIC BATTERY SIMPLE,STREET,False,True,632,6,6,44,08B,1179136.0,1846522.0,2025,2025-10-24T15:42:34.000,41.734144934,-87.619313551,"
,  
(41.734144934, -87.619313551)"
960,13999823,JJ454059,2025-10-16T16:18:00.000,041XX S ASHLAND AVE,0460,BATTERY,SIMPLE,RESTAURANT,False,False,924,9,12,61,08B,1166371.0,1877162.0,2025,2025-10-24T15:42:34.000,41.818506126,-87.665206456,"
,  
(41.818506126, -87.665206456)"
961,14000316,JJ454801,2025-10-16T16:15:00.000,011XX W ADAMS ST,0810,THEFT,OVER $500,STREET,False,False,1232,12,34,28,06,1168918.0,1899259.0,2025,2025-10-24T15:42:34.000,41.879087522,-87.655223107,"
,  
(41.879087522, -87.655223107)"
962,14000961,JJ455634,2025-10-16T16:15:00.000,008XX N RUSH ST,1150,DECEPTIVE PRACTICE,CREDIT CARD FRAUD,STREET,False,False,1833,18,42,8,11,1176870.0,1905928.0,2025,2025-10-24T15:42:34.000,41.897211487,-87.625823165,"
,  
(41.897211487, -87.625823165)"
963,14005016,JJ460160,2025-10-16T16:15:00.000,024XX W FOSTER AVE,0890,THEFT,FROM BUILDING,RESIDENCE,False,False,2031,20,40,4,06,1159037.0,1934457.0,2025,2025-10-24T15:42:34.000,41.97588181,-87.690535494,"
,  
(41.97588181, -87.690535494)"
964,13999858,JJ454102,2025-10-16T16:09:00.000,055XX S WESTERN AVE,0430,BATTERY,AGGRAVATED - OTHER DANGEROUS WEAPON,VEHICLE NON-COMMERCIAL,False,False,824,8,15,63,04B,1161312.0,1867880.0,2025,2025-10-24T15:42:34.000,41.793141605,-87.684021912,"
,  
(41.793141605, -87.684021912)"
965,13999750,JJ454038,2025-10-16T16:05:00.000,020XX W ADAMS ST,0460,BATTERY,SIMPLE,SCHOOL - PUBLIC BUILDING,False,False,1223,12,27,28,08B,1162662.0,1899079.0,2025,2025-10-24T15:42:34.000,41.878726928,-87.678199026,"
,  
(41.878726928, -87.678199026)"
966,14000638,JJ455163,2025-10-16T16:05:00.000,080XX S KEELER AVE,1310,CRIMINAL DAMAGE,TO PROPERTY,RESIDENCE,False,False,834,8,18,70,14,1149817.0,1851024.0,2025,2025-10-24T15:42:34.000,41.747116487,-87.726609371,"
,  
(41.747116487, -87.726609371)"
967,14000811,JJ455531,2025-10-16T16:05:00.000,004XX N LEAMINGTON AVE,1330,CRIMINAL TRESPASS,TO LAND,APARTMENT,False,False,1532,15,37,25,26,1141958.0,1902443.0,2025,2025-10-24T15:42:34.000,41.888366677,-87.754137385,"
,  
(41.888366677, -87.754137385)"
968,13999655,JJ454047,2025-10-16T16:04:00.000,021XX S MICHIGAN AVE,3731,INTERFERENCE WITH PUBLIC OFFICER,OBSTRUCTING IDENTIFICATION,SIDEWALK,True,False,131,1,3,33,24,1177542.0,1890066.0,2025,2025-10-24T15:42:34.000,41.85367002,-87.623836611,"
,  
(41.85367002, -87.623836611)"
969,13999875,JJ454305,2025-10-16T16:00:00.000,045XX S PRINCETON AVE,0820,THEFT,$500 AND UNDER,CHURCH / SYNAGOGUE / PLACE OF WORSHIP,False,False,925,9,3,37,06,1175052.0,1874663.0,2025,2025-10-24T15:42:34.000,41.811458999,-87.633436349,"
,  
(41.811458999, -87.633436349)"
970,14000384,JJ454851,2025-10-16T16:00:00.000,065XX S DR MARTIN LUTHER KING JR DR,0820,THEFT,$500 AND UNDER,STREET,False,False,312,3,20,69,06,1180044.0,1861789.0,2025,2025-10-24T15:42:34.000,41.776018543,-87.615520426,"
,  
(41.776018543, -87.615520426)"
971,14000174,JJ454475,2025-10-16T16:00:00.000,005XX E 102ND ST,1310,CRIMINAL DAMAGE,TO PROPERTY,APARTMENT,False,False,511,5,9,49,14,1181803.0,1837454.0,2025,2025-10-24T15:42:34.000,41.7092001,-87.609822187,"
,  
(41.7092001, -87.609822187)"
972,14000390,JJ454875,2025-10-16T16:00:00.000,0000X W 95TH ST,0560,ASSAULT,SIMPLE,CTA PARKING LOT / GARAGE / OTHER PROPERTY,False,False,511,5,9,49,08A,1177703.0,1841947.0,2025,2025-10-24T15:42:34.000,41.721623049,-87.624701342,"
,  
(41.721623049, -87.624701342)"
973,13999718,JJ454097,2025-10-16T16:00:00.000,027XX W MONTROSE AVE,0710,THEFT,THEFT FROM MOTOR VEHICLE,PARKING LOT / GARAGE (NON RESIDENTIAL),False,False,1724,17,33,16,06,1157140.0,1929112.0,2025,2025-10-24T15:42:34.000,41.961253689,-87.697657333,"
,  
(41.961253689, -87.697657333)"
974,13999715,JJ454074,2025-10-16T16:00:00.000,013XX W MARQUETTE RD,502R,OTHER OFFENSE,VEHICLE TITLE / REGISTRATION OFFENSE,STREET,True,False,724,7,17,67,26,1168345.0,1860329.0,2025,2025-10-24T15:42:34.000,41.772272081,-87.65844992,"
,  
(41.772272081, -87.65844992)"
975,13999799,JJ454228,2025-10-16T16:00:00.000,020XX S MICHIGAN AVE,0820,THEFT,$500 AND UNDER,APARTMENT,False,False,132,1,3,33,06,1177528.0,1890620.0,2025,2025-10-24T15:42:34.000,41.855190551,-87.623871195,"
,  
(41.855190551, -87.623871195)"
976,14000987,JJ454904,2025-10-16T16:00:00.000,025XX N Clark St,0890,THEFT,FROM BUILDING,RESTAURANT,False,False,1935,19,43,7,06,1172296.0,1917337.0,2025,2025-10-24T15:42:34.000,41.928620632,-87.642285052,"
,  
(41.928620632, -87.642285052)"
977,14000243,JJ454666,2025-10-16T16:00:00.000,035XX S UNION AVE,0910,MOTOR VEHICLE THEFT,AUTOMOBILE,STREET,False,False,915,9,11,60,07,1172210.0,1881467.0,2025,2025-10-24T15:42:34.000,41.830192863,-87.643660277,"
,  
(41.830192863, -87.643660277)"
978,14001033,JJ454905,2025-10-16T16:00:00.000,025XX N LAKEVIEW AVE,1150,DECEPTIVE PRACTICE,CREDIT CARD FRAUD,RESIDENCE,False,False,1935,19,43,7,11,1173122.0,1917532.0,2025,2025-10-24T15:42:34.000,41.929137412,-87.639244007,"
,  
(41.929137412, -87.639244007)"
979,13999781,JJ454086,2025-10-16T15:57:00.000,021XX W LAWRENCE AVE,0545,ASSAULT,"PROTECTED EMPLOYEE - HANDS, FISTS, FEET, NO / MINOR INJURY",FEDERAL BUILDING,True,False,1911,19,47,4,08A,1161326.0,1931861.0,2025,2025-10-24T15:42:34.000,41.968710831,-87.682190533,"
,  
(41.968710831, -87.682190533)"
980,13999734,JJ454013,2025-10-16T15:52:00.000,033XX N LAWNDALE AVE,031A,ROBBERY,ARMED - HANDGUN,ALLEY,False,False,1732,17,30,21,03,1151132.0,1922052.0,2025,2025-10-24T15:42:34.000,41.942000706,-87.719931871,"
,  
(41.942000706, -87.719931871)"
981,13999686,JJ454078,2025-10-16T15:50:00.000,025XX E 81ST ST,1365,CRIMINAL TRESPASS,TO RESIDENCE,RESIDENCE,False,False,422,4,7,46,26,1194738.0,1851761.0,2025,2025-10-24T15:42:34.000,41.748151786,-87.561983997,"
,  
(41.748151786, -87.561983997)"
982,13999854,JJ454035,2025-10-16T15:48:00.000,029XX W WARREN BLVD,2820,OTHER OFFENSE,TELEPHONE THREAT,ALLEY,False,True,1222,12,27,27,08A,1156692.0,1900211.0,2025,2025-10-24T15:42:34.000,41.881956205,-87.700089065,"
,  
(41.881956205, -87.700089065)"
983,13999680,JJ454014,2025-10-16T15:44:00.000,0000X E LAKE ST,2027,NARCOTICS,POSSESS - CRACK,STREET,True,False,111,1,42,32,18,1176862.0,1901743.0,2025,2025-10-24T15:42:34.000,41.885727816,-87.625979262,"
,  
(41.885727816, -87.625979262)"
984,13999822,JJ454235,2025-10-16T15:36:00.000,025XX E 97TH PL,0820,THEFT,$500 AND UNDER,RESIDENCE,False,False,431,4,7,51,06,1194851.0,1840817.0,2025,2025-10-24T15:42:34.000,41.718117718,-87.561929356,"
,  
(41.718117718, -87.561929356)"
985,14000980,JJ454663,2025-10-16T15:35:00.000,016XX W SUPERIOR ST,0820,THEFT,$500 AND UNDER,RESIDENCE,False,False,1215,12,1,24,06,1165286.0,1905080.0,2025,2025-10-24T15:42:34.000,41.895138769,-87.668393498,"
,  
(41.895138769, -87.668393498)"
986,14001626,JJ456233,2025-10-16T15:30:00.000,017XX N KARLOV AVE,1153,DECEPTIVE PRACTICE,FINANCIAL IDENTITY THEFT OVER $ 300,RESIDENCE,False,False,2534,25,26,20,11,1148778.0,1911338.0,2025,2025-10-24T15:42:34.000,41.912646423,-87.728861513,"
,  
(41.912646423, -87.728861513)"
987,14000679,JJ455253,2025-10-16T15:30:00.000,026XX W RASCHER AVE,0710,THEFT,THEFT FROM MOTOR VEHICLE,STREET,False,False,2011,20,40,4,06,1157780.0,1936096.0,2025,2025-10-24T15:42:34.000,41.980405094,-87.695113061,"
,  
(41.980405094, -87.695113061)"
988,14000836,JJ455237,2025-10-16T15:30:00.000,037XX W ARTHINGTON ST,0460,BATTERY,SIMPLE,SIDEWALK,False,False,1133,11,24,29,08B,1151717.0,1895782.0,2025,2025-10-24T15:42:34.000,41.869901825,-87.718473813,"
,  
(41.869901825, -87.718473813)"
989,13999983,JJ454192,2025-10-16T15:30:00.000,018XX W 19TH ST,0486,BATTERY,DOMESTIC BATTERY SIMPLE,VACANT LOT / LAND,False,True,1234,12,25,31,08B,1164330.0,1890768.0,2025,2025-10-24T15:42:34.000,41.855885703,-87.672309454,"
,  
(41.855885703, -87.672309454)"
990,13999682,JJ454082,2025-10-16T15:30:00.000,037XX W POLK ST,0460,BATTERY,SIMPLE,STREET,True,False,1133,11,24,27,08B,1151640.0,1896117.0,2025,2025-10-24T15:42:34.000,41.870822616,-87.7187477,"
,  
(41.870822616, -87.7187477)"
991,14004253,JJ457238,2025-10-16T15:30:00.000,016XX W HOWARD ST,1750,OFFENSE INVOLVING CHILDREN,CHILD ABUSE,VEHICLE NON-COMMERCIAL,False,True,2422,24,49,1,08B,1164177.0,1950345.0,2025,2025-10-24T15:42:34.000,42.019371503,-87.671181992,"
,  
(42.019371503, -87.671181992)"
992,14000570,JJ455070,2025-10-16T15:30:00.000,0000X E CERMAK RD,0460,BATTERY,SIMPLE,SIDEWALK,False,False,131,1,3,33,08B,1176830.0,1889758.0,2025,2025-10-24T15:42:34.000,41.852840961,-87.626459189,"
,  
(41.852840961, -87.626459189)"
993,14001013,JJ454644,2025-10-16T15:29:00.000,006XX N LA SALLE DR,0860,THEFT,RETAIL THEFT,SMALL RETAIL STORE,False,False,1832,18,42,8,06,1175023.0,1904549.0,2025,2025-10-24T15:42:34.000,41.893469034,-87.632648229,"
,  
(41.893469034, -87.632648229)"
994,14001422,JJ455045,2025-10-16T15:28:00.000,054XX W HUTCHINSON ST,0760,BURGLARY,BURGLARY FROM MOTOR VEHICLE,STREET,False,False,1624,16,38,15,06,1139235.0,1927724.0,2025,2025-10-24T15:42:34.000,41.957790507,-87.763520427,"
,  
(41.957790507, -87.763520427)"
995,13999665,JJ453976,2025-10-16T15:25:00.000,098XX S HALSTED ST,0320,ROBBERY,STRONG ARM - NO WEAPON,GAS STATION,False,False,2223,22,21,73,03,1172709.0,1839741.0,2025,2025-10-24T15:42:34.000,41.715680818,-87.643058205,"
,  
(41.715680818, -87.643058205)"
996,13999626,JJ453987,2025-10-16T15:16:00.000,039XX W 56TH ST,502R,OTHER OFFENSE,VEHICLE TITLE / REGISTRATION OFFENSE,STREET,True,False,822,8,23,62,26,1151131.0,1867180.0,2025,2025-10-24T15:42:34.000,41.791425646,-87.721373236,"
,  
(41.791425646, -87.721373236)"
997,13999684,JJ453948,2025-10-16T15:10:00.000,056XX N RIDGE AVE,0860,THEFT,RETAIL THEFT,DRUG STORE,False,False,2013,20,48,77,06,1167084.0,1937517.0,2025,2025-10-24T15:42:34.000,41.984109031,-87.660855375,"
,  
(41.984109031, -87.660855375)"
998,13999676,JJ453966,2025-10-16T15:06:00.000,101XX S EMERALD AVE,0486,BATTERY,DOMESTIC BATTERY SIMPLE,RESIDENCE,True,True,2232,22,21,73,08B,1173095.0,1837706.0,2025,2025-10-24T15:42:34.000,41.710087981,-87.641704357,"
,  
(41.710087981, -87.641704357)"
999,14000596,JJ455071,2025-10-16T15:03:00.000,043XX W WABANSIA AVE,0460,BATTERY,SIMPLE,PARK PROPERTY,False,False,2534,25,26,23,08B,1147025.0,1910941.0,2025,2025-10-24T15:42:34.000,41.911590736,-87.73531182,"
,  
(41.911590736, -87.73531182)"
